Datetime,PulseRate,AccelStdG,TemperatureC
06-May-2025 10:30:00,NaN,NaN,NaN
06-May-2025 10:31:00,NaN,NaN,NaN
06-May-2025 10:32:00,NaN,NaN,NaN
06-May-2025 10:33:00,NaN,NaN,NaN
06-May-2025 10:34:00,NaN,NaN,NaN
06-May-2025 10:35:00,NaN,NaN,NaN
06-May-2025 10:36:00,NaN,NaN,NaN
06-May-2025 10:37:00,NaN,NaN,NaN
06-May-2025 10:38:00,NaN,NaN,NaN
06-May-2025 10:39:00,NaN,NaN,NaN
06-May-2025 10:40:00,NaN,NaN,NaN
06-May-2025 10:41:00,NaN,NaN,NaN
06-May-2025 10:42:00,NaN,NaN,NaN
06-May-2025 10:43:00,NaN,NaN,NaN
06-May-2025 10:44:00,NaN,NaN,NaN
06-May-2025 10:45:00,NaN,NaN,NaN
06-May-2025 10:46:00,NaN,NaN,NaN
06-May-2025 10:47:00,NaN,NaN,NaN
06-May-2025 10:48:00,NaN,NaN,NaN
06-May-2025 10:49:00,NaN,NaN,NaN
06-May-2025 10:50:00,NaN,NaN,NaN
06-May-2025 10:51:00,NaN,NaN,NaN
06-May-2025 10:52:00,NaN,NaN,NaN
06-May-2025 10:53:00,NaN,NaN,NaN
06-May-2025 10:54:00,NaN,NaN,NaN
06-May-2025 10:55:00,NaN,NaN,NaN
06-May-2025 10:56:00,NaN,NaN,NaN
06-May-2025 10:57:00,NaN,NaN,NaN
06-May-2025 10:58:00,NaN,NaN,NaN
06-May-2025 10:59:00,NaN,NaN,NaN
06-May-2025 11:00:00,NaN,NaN,NaN
06-May-2025 11:01:00,NaN,NaN,NaN
06-May-2025 11:02:00,NaN,NaN,NaN
06-May-2025 11:03:00,NaN,NaN,NaN
06-May-2025 11:04:00,NaN,NaN,NaN
06-May-2025 11:05:00,NaN,NaN,NaN
06-May-2025 11:06:00,NaN,NaN,NaN
06-May-2025 11:07:00,NaN,NaN,NaN
06-May-2025 11:08:00,NaN,NaN,NaN
06-May-2025 11:09:00,NaN,NaN,NaN
06-May-2025 11:10:00,NaN,NaN,NaN
06-May-2025 11:11:00,NaN,NaN,NaN
06-May-2025 11:12:00,NaN,NaN,NaN
06-May-2025 11:13:00,NaN,NaN,NaN
06-May-2025 11:14:00,NaN,NaN,NaN
06-May-2025 11:15:00,NaN,NaN,NaN
06-May-2025 11:16:00,NaN,NaN,NaN
06-May-2025 11:17:00,NaN,NaN,NaN
06-May-2025 11:18:00,NaN,NaN,NaN
06-May-2025 11:19:00,NaN,NaN,NaN
06-May-2025 11:20:00,NaN,NaN,NaN
06-May-2025 11:21:00,NaN,NaN,NaN
06-May-2025 11:22:00,NaN,NaN,NaN
06-May-2025 11:23:00,NaN,NaN,NaN
06-May-2025 11:24:00,NaN,NaN,NaN
06-May-2025 11:25:00,NaN,NaN,NaN
06-May-2025 11:26:00,NaN,NaN,NaN
06-May-2025 11:27:00,NaN,NaN,NaN
06-May-2025 11:28:00,NaN,NaN,NaN
06-May-2025 11:29:00,NaN,NaN,NaN
06-May-2025 11:30:00,NaN,NaN,NaN
06-May-2025 11:31:00,NaN,NaN,NaN
06-May-2025 11:32:00,NaN,NaN,NaN
06-May-2025 11:33:00,NaN,NaN,NaN
06-May-2025 11:34:00,NaN,NaN,NaN
06-May-2025 11:35:00,NaN,NaN,NaN
06-May-2025 11:36:00,NaN,NaN,NaN
06-May-2025 11:37:00,NaN,NaN,NaN
06-May-2025 11:38:00,NaN,NaN,NaN
06-May-2025 11:39:00,NaN,NaN,NaN
06-May-2025 11:40:00,NaN,NaN,NaN
06-May-2025 11:41:00,NaN,NaN,NaN
06-May-2025 11:42:00,NaN,NaN,NaN
06-May-2025 11:43:00,NaN,NaN,NaN
06-May-2025 11:44:00,NaN,NaN,NaN
06-May-2025 11:45:00,NaN,NaN,NaN
06-May-2025 11:46:00,NaN,NaN,NaN
06-May-2025 11:47:00,NaN,NaN,NaN
06-May-2025 11:48:00,NaN,NaN,NaN
06-May-2025 11:49:00,NaN,NaN,NaN
06-May-2025 11:50:00,NaN,NaN,NaN
06-May-2025 11:51:00,NaN,NaN,NaN
06-May-2025 11:52:00,NaN,NaN,NaN
06-May-2025 11:53:00,NaN,NaN,NaN
06-May-2025 11:54:00,NaN,NaN,NaN
06-May-2025 11:55:00,NaN,NaN,NaN
06-May-2025 11:56:00,NaN,NaN,NaN
06-May-2025 11:57:00,NaN,NaN,NaN
06-May-2025 11:58:00,NaN,NaN,NaN
06-May-2025 11:59:00,NaN,NaN,NaN
06-May-2025 12:00:00,NaN,NaN,NaN
06-May-2025 12:01:00,NaN,NaN,NaN
06-May-2025 12:02:00,NaN,NaN,NaN
06-May-2025 12:03:00,NaN,NaN,NaN
06-May-2025 12:04:00,NaN,NaN,NaN
06-May-2025 12:05:00,NaN,NaN,NaN
06-May-2025 12:06:00,NaN,NaN,NaN
06-May-2025 12:07:00,NaN,NaN,NaN
06-May-2025 12:08:00,NaN,NaN,NaN
06-May-2025 12:09:00,NaN,NaN,NaN
06-May-2025 12:10:00,NaN,NaN,NaN
06-May-2025 12:11:00,NaN,NaN,NaN
06-May-2025 12:12:00,NaN,NaN,NaN
06-May-2025 12:13:00,NaN,NaN,NaN
06-May-2025 12:14:00,NaN,NaN,NaN
06-May-2025 12:15:00,NaN,NaN,NaN
06-May-2025 12:16:00,NaN,NaN,NaN
06-May-2025 12:17:00,NaN,NaN,NaN
06-May-2025 12:18:00,NaN,NaN,NaN
06-May-2025 12:19:00,NaN,NaN,NaN
06-May-2025 12:20:00,NaN,NaN,NaN
06-May-2025 12:21:00,NaN,NaN,NaN
06-May-2025 12:22:00,NaN,NaN,NaN
06-May-2025 12:23:00,NaN,NaN,NaN
06-May-2025 12:24:00,NaN,NaN,NaN
06-May-2025 12:25:00,NaN,NaN,NaN
06-May-2025 12:26:00,NaN,NaN,NaN
06-May-2025 12:27:00,NaN,NaN,NaN
06-May-2025 12:28:00,NaN,NaN,NaN
06-May-2025 12:29:00,NaN,NaN,NaN
06-May-2025 12:30:00,NaN,NaN,NaN
06-May-2025 12:31:00,NaN,NaN,NaN
06-May-2025 12:32:00,NaN,NaN,NaN
06-May-2025 12:33:00,NaN,NaN,NaN
06-May-2025 12:34:00,NaN,NaN,NaN
06-May-2025 12:35:00,NaN,NaN,NaN
06-May-2025 12:36:00,NaN,NaN,NaN
06-May-2025 12:37:00,NaN,NaN,NaN
06-May-2025 12:38:00,NaN,NaN,NaN
06-May-2025 12:39:00,NaN,NaN,NaN
06-May-2025 12:40:00,NaN,NaN,NaN
06-May-2025 12:41:00,NaN,NaN,NaN
06-May-2025 12:42:00,NaN,NaN,NaN
06-May-2025 12:43:00,NaN,NaN,NaN
06-May-2025 12:44:00,NaN,NaN,NaN
06-May-2025 12:45:00,NaN,NaN,NaN
06-May-2025 12:46:00,NaN,NaN,NaN
06-May-2025 12:47:00,NaN,NaN,NaN
06-May-2025 12:48:00,NaN,NaN,NaN
06-May-2025 12:49:00,NaN,NaN,NaN
06-May-2025 12:50:00,NaN,NaN,NaN
06-May-2025 12:51:00,NaN,NaN,NaN
06-May-2025 12:52:00,NaN,NaN,NaN
06-May-2025 12:53:00,NaN,NaN,NaN
06-May-2025 12:54:00,NaN,NaN,NaN
06-May-2025 12:55:00,NaN,NaN,NaN
06-May-2025 12:56:00,NaN,NaN,NaN
06-May-2025 12:57:00,NaN,NaN,NaN
06-May-2025 12:58:00,NaN,NaN,NaN
06-May-2025 12:59:00,NaN,NaN,NaN
06-May-2025 13:00:00,NaN,NaN,NaN
06-May-2025 13:01:00,NaN,NaN,NaN
06-May-2025 13:02:00,NaN,NaN,NaN
06-May-2025 13:03:00,NaN,NaN,NaN
06-May-2025 13:04:00,NaN,NaN,NaN
06-May-2025 13:05:00,NaN,NaN,NaN
06-May-2025 13:06:00,NaN,NaN,NaN
06-May-2025 13:07:00,NaN,NaN,NaN
06-May-2025 13:08:00,NaN,NaN,NaN
06-May-2025 13:09:00,NaN,NaN,NaN
06-May-2025 13:10:00,NaN,NaN,NaN
06-May-2025 13:11:00,NaN,NaN,NaN
06-May-2025 13:12:00,NaN,NaN,NaN
06-May-2025 13:13:00,NaN,NaN,NaN
06-May-2025 13:14:00,NaN,NaN,NaN
06-May-2025 13:15:00,NaN,NaN,NaN
06-May-2025 13:16:00,NaN,NaN,NaN
06-May-2025 13:17:00,NaN,NaN,NaN
06-May-2025 13:18:00,NaN,NaN,NaN
06-May-2025 13:19:00,NaN,NaN,NaN
06-May-2025 13:20:00,NaN,NaN,NaN
06-May-2025 13:21:00,NaN,NaN,NaN
06-May-2025 13:22:00,NaN,NaN,NaN
06-May-2025 13:23:00,NaN,NaN,NaN
06-May-2025 13:24:00,NaN,NaN,NaN
06-May-2025 13:25:00,NaN,NaN,NaN
06-May-2025 13:26:00,NaN,NaN,NaN
06-May-2025 13:27:00,NaN,NaN,NaN
06-May-2025 13:28:00,NaN,NaN,NaN
06-May-2025 13:29:00,NaN,NaN,NaN
06-May-2025 13:30:00,NaN,NaN,NaN
06-May-2025 13:31:00,NaN,NaN,NaN
06-May-2025 13:32:00,NaN,NaN,NaN
06-May-2025 13:33:00,NaN,NaN,NaN
06-May-2025 13:34:00,NaN,NaN,NaN
06-May-2025 13:35:00,NaN,NaN,NaN
06-May-2025 13:36:00,NaN,NaN,NaN
06-May-2025 13:37:00,NaN,NaN,NaN
06-May-2025 13:38:00,NaN,NaN,NaN
06-May-2025 13:39:00,NaN,NaN,NaN
06-May-2025 13:40:00,NaN,NaN,NaN
06-May-2025 13:41:00,NaN,NaN,NaN
06-May-2025 13:42:00,NaN,NaN,NaN
06-May-2025 13:43:00,NaN,NaN,NaN
06-May-2025 13:44:00,NaN,NaN,NaN
06-May-2025 13:45:00,NaN,NaN,NaN
06-May-2025 13:46:00,NaN,NaN,NaN
06-May-2025 13:47:00,NaN,NaN,NaN
06-May-2025 13:48:00,NaN,NaN,NaN
06-May-2025 13:49:00,NaN,NaN,NaN
06-May-2025 13:50:00,38,0.111,25.63
06-May-2025 13:51:00,64,0.025,26.36
06-May-2025 13:52:00,63,0.024,26.85
06-May-2025 13:53:00,65,0.015,27.17
06-May-2025 13:54:00,65,0.01,27.41
06-May-2025 13:55:00,64,0.003,27.62
06-May-2025 13:56:00,65,0.011,27.78
06-May-2025 13:57:00,62,0.027,27.89
06-May-2025 13:58:00,64,0.023,28.03
06-May-2025 13:59:00,74,0.029,28.18
06-May-2025 14:00:00,96,0.035,28.34
06-May-2025 14:01:00,102,0.04,28.48
06-May-2025 14:02:00,68,0.045,28.65
06-May-2025 14:03:00,70,0.033,28.82
06-May-2025 14:04:00,59,0.035,28.96
06-May-2025 14:05:00,59,0.039,29.11
06-May-2025 14:06:00,64,0.029,29.18
06-May-2025 14:07:00,61,0.009,29.17
06-May-2025 14:08:00,61,0.065,29.16
06-May-2025 14:09:00,64,0.21,29.13
06-May-2025 14:10:00,69,0.156,28.98
06-May-2025 14:11:00,75,0.031,28.91
06-May-2025 14:12:00,59,0.021,28.94
06-May-2025 14:13:00,57,0.005,28.95
06-May-2025 14:14:00,61,0.005,28.97
06-May-2025 14:15:00,58,0.004,29
06-May-2025 14:16:00,59,0.004,29.05
06-May-2025 14:17:00,63,0.022,29.09
06-May-2025 14:18:00,63,0.014,29.1
06-May-2025 14:19:00,68,0.065,29.07
06-May-2025 14:20:00,73,0.04,29.06
06-May-2025 14:21:00,65,0.021,29.07
06-May-2025 14:22:00,62,0.012,29.09
06-May-2025 14:23:00,60,0.011,29.1
06-May-2025 14:24:00,65,0.011,29.08
06-May-2025 14:25:00,65,0.014,29.04
06-May-2025 14:26:00,64,0.011,29.04
06-May-2025 14:27:00,68,0.098,29.03
06-May-2025 14:28:00,70,0.078,28.96
06-May-2025 14:29:00,61,0.137,28.91
06-May-2025 14:30:00,58,0.12,28.86
06-May-2025 14:31:00,81,0.147,28.81
06-May-2025 14:32:00,66,0.109,28.75
06-May-2025 14:33:00,76,0.169,28.71
06-May-2025 14:34:00,74,0.21,28.61
06-May-2025 14:35:00,91,0.174,28.53
06-May-2025 14:36:00,96,0.277,28.45
06-May-2025 14:37:00,91,0.319,28.37
06-May-2025 14:38:00,89,0.318,28.25
06-May-2025 14:39:00,86,0.24,27.9
06-May-2025 14:40:00,93,0.218,27.81
06-May-2025 14:41:00,93,0.14,27.71
06-May-2025 14:42:00,80,0.057,27.64
06-May-2025 14:43:00,84,0.083,27.54
06-May-2025 14:44:00,79,0.029,27.63
06-May-2025 14:45:00,85,0.018,27.82
06-May-2025 14:46:00,86,0.017,27.98
06-May-2025 14:47:00,87,0.027,28.11
06-May-2025 14:48:00,89,0.027,28.34
06-May-2025 14:49:00,93,0.029,28.52
06-May-2025 14:50:00,97,0.041,28.7
06-May-2025 14:51:00,102,0.043,28.92
06-May-2025 14:52:00,92,0.036,29.16
06-May-2025 14:53:00,90,0.051,29.34
06-May-2025 14:54:00,93,0.088,29.44
06-May-2025 14:55:00,94,0.085,29.7
06-May-2025 14:56:00,92,0.045,29.9
06-May-2025 14:57:00,85,0.043,30.2
06-May-2025 14:58:00,89,0.068,30.65
06-May-2025 14:59:00,96,0.079,31.18
06-May-2025 15:00:00,96,0.078,31.49
06-May-2025 15:01:00,82,0.062,31.78
06-May-2025 15:02:00,83,0.042,31.83
06-May-2025 15:03:00,87,0.039,31.78
06-May-2025 15:04:00,102,0.144,31.99
06-May-2025 15:05:00,100,0.174,31.89
06-May-2025 15:06:00,93,0.255,31.39
06-May-2025 15:07:00,104,0.234,30.97
06-May-2025 15:08:00,98,0.265,30.63
06-May-2025 15:09:00,103,0.27,30.35
06-May-2025 15:10:00,103,0.238,30.19
06-May-2025 15:11:00,103,0.22,29.89
06-May-2025 15:12:00,85,0.027,29.7
06-May-2025 15:13:00,72,0.006,29.65
06-May-2025 15:14:00,72,0.009,29.69
06-May-2025 15:15:00,75,0.012,29.74
06-May-2025 15:16:00,72,0.006,29.85
06-May-2025 15:17:00,70,0.01,29.98
06-May-2025 15:18:00,72,0.003,30.06
06-May-2025 15:19:00,76,0.007,30.15
06-May-2025 15:20:00,75,0.015,30.21
06-May-2025 15:21:00,77,0.013,30.3
06-May-2025 15:22:00,76,0.01,30.36
06-May-2025 15:23:00,75,0.014,30.42
06-May-2025 15:24:00,77,0.023,30.49
06-May-2025 15:25:00,80,0.027,30.56
06-May-2025 15:26:00,83,0.047,30.63
06-May-2025 15:27:00,73,0.026,30.69
06-May-2025 15:28:00,75,0.012,30.77
06-May-2025 15:29:00,75,0.013,30.87
06-May-2025 15:30:00,75,0.016,30.96
06-May-2025 15:31:00,NaN,NaN,NaN
06-May-2025 15:32:00,NaN,NaN,NaN
06-May-2025 15:33:00,NaN,NaN,NaN
06-May-2025 15:34:00,NaN,NaN,NaN
06-May-2025 15:35:00,NaN,NaN,NaN
06-May-2025 15:36:00,NaN,NaN,NaN
06-May-2025 15:37:00,NaN,NaN,NaN
06-May-2025 15:38:00,NaN,NaN,NaN
06-May-2025 15:39:00,NaN,NaN,NaN
06-May-2025 15:40:00,NaN,NaN,NaN
06-May-2025 15:41:00,NaN,NaN,NaN
06-May-2025 15:42:00,NaN,NaN,NaN
06-May-2025 15:43:00,NaN,NaN,NaN
06-May-2025 15:44:00,NaN,NaN,NaN
06-May-2025 15:45:00,NaN,NaN,NaN
06-May-2025 15:46:00,NaN,NaN,NaN
06-May-2025 15:47:00,NaN,NaN,NaN
06-May-2025 15:48:00,NaN,NaN,NaN
06-May-2025 15:49:00,NaN,NaN,NaN
06-May-2025 15:50:00,NaN,NaN,NaN
06-May-2025 15:51:00,NaN,NaN,NaN
06-May-2025 15:52:00,NaN,NaN,NaN
06-May-2025 15:53:00,NaN,NaN,NaN
06-May-2025 15:54:00,NaN,NaN,NaN
06-May-2025 15:55:00,NaN,NaN,NaN
06-May-2025 15:56:00,NaN,NaN,NaN
06-May-2025 15:57:00,NaN,NaN,NaN
06-May-2025 15:58:00,NaN,NaN,NaN
06-May-2025 15:59:00,NaN,NaN,NaN
06-May-2025 16:00:00,NaN,NaN,NaN
06-May-2025 16:01:00,NaN,NaN,NaN
06-May-2025 16:02:00,NaN,NaN,NaN
06-May-2025 16:03:00,NaN,NaN,NaN
06-May-2025 16:04:00,NaN,NaN,NaN
06-May-2025 16:05:00,NaN,NaN,NaN
06-May-2025 16:06:00,NaN,NaN,NaN
06-May-2025 16:07:00,NaN,NaN,NaN
06-May-2025 16:08:00,NaN,NaN,NaN
06-May-2025 16:09:00,NaN,NaN,NaN
06-May-2025 16:10:00,NaN,NaN,NaN
06-May-2025 16:11:00,NaN,NaN,NaN
06-May-2025 16:12:00,NaN,NaN,NaN
06-May-2025 16:13:00,NaN,NaN,NaN
06-May-2025 16:14:00,NaN,NaN,NaN
06-May-2025 16:15:00,NaN,NaN,NaN
06-May-2025 16:16:00,NaN,NaN,NaN
06-May-2025 16:17:00,NaN,NaN,NaN
06-May-2025 16:18:00,NaN,NaN,NaN
06-May-2025 16:19:00,NaN,NaN,NaN
06-May-2025 16:20:00,NaN,NaN,NaN
06-May-2025 16:21:00,NaN,NaN,NaN
06-May-2025 16:22:00,NaN,NaN,NaN
06-May-2025 16:23:00,NaN,NaN,NaN
06-May-2025 16:24:00,NaN,NaN,NaN
06-May-2025 16:25:00,NaN,NaN,NaN
06-May-2025 16:26:00,NaN,NaN,NaN
06-May-2025 16:27:00,NaN,NaN,NaN
06-May-2025 16:28:00,NaN,NaN,NaN
06-May-2025 16:29:00,NaN,NaN,NaN
06-May-2025 16:30:00,NaN,NaN,NaN
06-May-2025 16:31:00,NaN,NaN,NaN
06-May-2025 16:32:00,NaN,NaN,NaN
06-May-2025 16:33:00,NaN,NaN,NaN
06-May-2025 16:34:00,NaN,NaN,NaN
06-May-2025 16:35:00,NaN,NaN,NaN
06-May-2025 16:36:00,NaN,NaN,NaN
06-May-2025 16:37:00,NaN,NaN,NaN
06-May-2025 16:38:00,NaN,NaN,NaN
06-May-2025 16:39:00,NaN,NaN,NaN
06-May-2025 16:40:00,NaN,NaN,NaN
06-May-2025 16:41:00,NaN,NaN,NaN
06-May-2025 16:42:00,NaN,NaN,NaN
06-May-2025 16:43:00,NaN,NaN,NaN
06-May-2025 16:44:00,NaN,NaN,NaN
06-May-2025 16:45:00,NaN,NaN,NaN
06-May-2025 16:46:00,NaN,NaN,NaN
06-May-2025 16:47:00,NaN,NaN,NaN
06-May-2025 16:48:00,NaN,NaN,NaN
06-May-2025 16:49:00,NaN,NaN,NaN
06-May-2025 16:50:00,NaN,NaN,NaN
06-May-2025 16:51:00,NaN,NaN,NaN
06-May-2025 16:52:00,NaN,NaN,NaN
06-May-2025 16:53:00,NaN,NaN,NaN
06-May-2025 16:54:00,NaN,NaN,NaN
06-May-2025 16:55:00,NaN,NaN,NaN
06-May-2025 16:56:00,NaN,NaN,NaN
06-May-2025 16:57:00,NaN,NaN,NaN
06-May-2025 16:58:00,NaN,NaN,NaN
06-May-2025 16:59:00,136,0.108,26.75
06-May-2025 17:00:00,121,0.057,28
06-May-2025 17:01:00,97,0.032,28.62
06-May-2025 17:02:00,71,0.002,29.08
06-May-2025 17:03:00,79,0.019,29.4
06-May-2025 17:04:00,70,0.003,29.66
06-May-2025 17:05:00,69,0.027,29.86
06-May-2025 17:06:00,77,0.005,30.02
06-May-2025 17:07:00,72,0.006,30.16
06-May-2025 17:08:00,79,0.012,30.28
06-May-2025 17:09:00,88,0.088,30.38
06-May-2025 17:10:00,79,0.169,30.43
06-May-2025 17:11:00,80,0.113,30.39
06-May-2025 17:12:00,68,0.006,30.37
06-May-2025 17:13:00,69,0.007,30.39
06-May-2025 17:14:00,73,0.015,30.45
06-May-2025 17:15:00,70,0.005,30.42
06-May-2025 17:16:00,84,0.037,30.55
06-May-2025 17:17:00,95,0.196,30.62
06-May-2025 17:18:00,77,0.03,30.65
06-May-2025 17:19:00,72,0.016,30.69
06-May-2025 17:20:00,72,0.007,30.73
06-May-2025 17:21:00,75,0.014,30.75
06-May-2025 17:22:00,76,0.025,30.77
06-May-2025 17:23:00,74,0.014,30.8
06-May-2025 17:24:00,71,0.021,30.81
06-May-2025 17:25:00,69,0.075,30.81
06-May-2025 17:26:00,72,0.086,30.79
06-May-2025 17:27:00,107,0.232,30.79
06-May-2025 17:28:00,108,0.19,30.75
06-May-2025 17:29:00,91,0.125,30.72
06-May-2025 17:30:00,76,0.062,30.71
06-May-2025 17:31:00,68,0.037,30.67
06-May-2025 17:32:00,75,0.069,30.6
06-May-2025 17:33:00,80,0.104,30.5
06-May-2025 17:34:00,81,0.032,30.36
06-May-2025 17:35:00,83,0.083,30.28
06-May-2025 17:36:00,85,0.108,30.27
06-May-2025 17:37:00,79,0.058,30.25
06-May-2025 17:38:00,75,0.036,30.23
06-May-2025 17:39:00,80,0.049,30.21
06-May-2025 17:40:00,77,0.048,30.21
06-May-2025 17:41:00,74,0.03,30.19
06-May-2025 17:42:00,73,0.046,30.12
06-May-2025 17:43:00,75,0.049,30.03
06-May-2025 17:44:00,74,0.041,30.02
06-May-2025 17:45:00,73,0.024,30
06-May-2025 17:46:00,71,0.027,29.95
06-May-2025 17:47:00,75,0.038,29.85
06-May-2025 17:48:00,78,0.05,29.87
06-May-2025 17:49:00,75,0.027,29.82
06-May-2025 17:50:00,75,0.032,29.75
06-May-2025 17:51:00,74,0.023,29.67
06-May-2025 17:52:00,76,0.04,29.63
06-May-2025 17:53:00,77,0.046,29.58
06-May-2025 17:54:00,76,0.07,29.54
06-May-2025 17:55:00,77,0.052,29.49
06-May-2025 17:56:00,79,0.049,29.46
06-May-2025 17:57:00,79,0.086,29.45
06-May-2025 17:58:00,81,0.143,29.39
06-May-2025 17:59:00,81,0.093,29.3
06-May-2025 18:00:00,82,0.056,29.24
06-May-2025 18:01:00,86,0.125,29.21
06-May-2025 18:02:00,88,0.096,29.15
06-May-2025 18:03:00,83,0.096,29.08
06-May-2025 18:04:00,89,0.155,29.02
06-May-2025 18:05:00,83,0.169,28.94
06-May-2025 18:06:00,80,0.132,28.95
06-May-2025 18:07:00,72,0.058,28.94
06-May-2025 18:08:00,76,0.072,28.92
06-May-2025 18:09:00,77,0.054,28.89
06-May-2025 18:10:00,76,0.041,28.84
06-May-2025 18:11:00,75,0.052,28.81
06-May-2025 18:12:00,73,0.03,28.84
06-May-2025 18:13:00,76,0.037,28.8
06-May-2025 18:14:00,80,0.044,28.8
06-May-2025 18:15:00,76,0.039,28.8
06-May-2025 18:16:00,78,0.053,28.78
06-May-2025 18:17:00,75,0.039,28.78
06-May-2025 18:18:00,76,0.039,28.74
06-May-2025 18:19:00,77,0.097,28.74
06-May-2025 18:20:00,80,0.052,28.7
06-May-2025 18:21:00,80,0.105,28.62
06-May-2025 18:22:00,86,0.012,28.51
06-May-2025 18:23:00,86,0.013,28.38
06-May-2025 18:24:00,67,0.016,28.19
06-May-2025 18:25:00,68,0.045,28.16
06-May-2025 18:26:00,78,0.01,28.11
06-May-2025 18:27:00,92,0.11,27.95
06-May-2025 18:28:00,76,0.021,27.8
06-May-2025 18:29:00,51,0.043,27.71
06-May-2025 18:30:00,57,0.031,27.64
06-May-2025 18:31:00,73,0.009,27.56
06-May-2025 18:32:00,76,0.019,27.46
06-May-2025 18:33:00,86,0.034,27.41
06-May-2025 18:34:00,86,0.009,27.38
06-May-2025 18:35:00,74,0.008,27.35
06-May-2025 18:36:00,76,0.004,27.26
06-May-2025 18:37:00,65,0.039,27.15
06-May-2025 18:38:00,76,0.007,27.27
06-May-2025 18:39:00,81,0.016,27.56
06-May-2025 18:40:00,86,0.012,27.76
06-May-2025 18:41:00,77,0.014,27.64
06-May-2025 18:42:00,88,0.011,27.45
06-May-2025 18:43:00,89,0.016,27.24
06-May-2025 18:44:00,75,0.009,27.04
06-May-2025 18:45:00,87,0.014,26.88
06-May-2025 18:46:00,77,0.014,26.76
06-May-2025 18:47:00,79,0.01,26.92
06-May-2025 18:48:00,80,0.014,27.22
06-May-2025 18:49:00,79,0.027,27.55
06-May-2025 18:50:00,79,0.008,27.72
06-May-2025 18:51:00,63,0.014,27.61
06-May-2025 18:52:00,72,0.133,27.45
06-May-2025 18:53:00,77,0.211,27.24
06-May-2025 18:54:00,77,0.078,27.19
06-May-2025 18:55:00,72,0.058,27.19
06-May-2025 18:56:00,77,0.072,27.21
06-May-2025 18:57:00,72,0.025,27.23
06-May-2025 18:58:00,70,0.072,27.28
06-May-2025 18:59:00,73,0.039,27.32
06-May-2025 19:00:00,72,0.063,27.3
06-May-2025 19:01:00,74,0.12,27.31
06-May-2025 19:02:00,57,0.088,27.26
06-May-2025 19:03:00,77,0.119,27.24
06-May-2025 19:04:00,78,0.119,27.31
06-May-2025 19:05:00,78,0.134,27.45
06-May-2025 19:06:00,74,0.178,27.66
06-May-2025 19:07:00,64,0.236,27.9
06-May-2025 19:08:00,77,0.156,28.14
06-May-2025 19:09:00,66,0.102,28.39
06-May-2025 19:10:00,60,0.122,28.58
06-May-2025 19:11:00,56,0.149,28.76
06-May-2025 19:12:00,78,0.089,28.92
06-May-2025 19:13:00,78,0.02,29.09
06-May-2025 19:14:00,77,0.011,29.25
06-May-2025 19:15:00,86,0.133,29.38
06-May-2025 19:16:00,79,0.048,29.47
06-May-2025 19:17:00,71,0.047,29.54
06-May-2025 19:18:00,87,0.079,29.61
06-May-2025 19:19:00,88,0.138,29.59
06-May-2025 19:20:00,82,0.099,29.6
06-May-2025 19:21:00,95,0.121,29.62
06-May-2025 19:22:00,90,0.091,29.62
06-May-2025 19:23:00,92,0.091,29.62
06-May-2025 19:24:00,95,0.132,29.67
06-May-2025 19:25:00,95,0.123,29.75
06-May-2025 19:26:00,82,0.063,29.74
06-May-2025 19:27:00,78,0.049,29.68
06-May-2025 19:28:00,78,0.079,29.64
06-May-2025 19:29:00,79,0.058,29.58
06-May-2025 19:30:00,79,0.05,29.53
06-May-2025 19:31:00,78,0.058,29.52
06-May-2025 19:32:00,81,0.076,29.49
06-May-2025 19:33:00,82,0.109,29.42
06-May-2025 19:34:00,92,0.21,29.28
06-May-2025 19:35:00,85,0.124,29.18
06-May-2025 19:36:00,86,0.099,29.12
06-May-2025 19:37:00,82,0.027,29.07
06-May-2025 19:38:00,81,0.017,29.06
06-May-2025 19:39:00,83,0.045,29.09
06-May-2025 19:40:00,83,0.03,28.96
06-May-2025 19:41:00,80,0.085,28.91
06-May-2025 19:42:00,94,0.183,28.85
06-May-2025 19:43:00,95,0.229,28.68
06-May-2025 19:44:00,96,0.103,28.48
06-May-2025 19:45:00,104,0.178,28.3
06-May-2025 19:46:00,95,0.229,28.16
06-May-2025 19:47:00,106,0.095,28.07
06-May-2025 19:48:00,92,0.059,28.06
06-May-2025 19:49:00,96,0.196,27.99
06-May-2025 19:50:00,104,0.181,27.9
06-May-2025 19:51:00,101,0.046,27.84
06-May-2025 19:52:00,104,0.131,27.74
06-May-2025 19:53:00,96,0.012,27.64
06-May-2025 19:54:00,95,0.028,27.55
06-May-2025 19:55:00,97,0.062,27.47
06-May-2025 19:56:00,98,0.026,27.36
06-May-2025 19:57:00,109,0.166,27.31
06-May-2025 19:58:00,113,0.17,27.23
06-May-2025 19:59:00,105,0.138,27.06
06-May-2025 20:00:00,105,0.11,26.96
06-May-2025 20:01:00,99,0.079,26.9
06-May-2025 20:02:00,99,0.109,26.8
06-May-2025 20:03:00,112,0.109,26.71
06-May-2025 20:04:00,93,0.017,26.66
06-May-2025 20:05:00,92,0.036,26.6
06-May-2025 20:06:00,89,0.017,26.58
06-May-2025 20:07:00,92,0.028,26.53
06-May-2025 20:08:00,98,0.083,26.46
06-May-2025 20:09:00,109,0.148,26.42
06-May-2025 20:10:00,107,0.169,26.34
06-May-2025 20:11:00,99,0.146,26.22
06-May-2025 20:12:00,109,0.114,26.12
06-May-2025 20:13:00,97,0.101,26.01
06-May-2025 20:14:00,105,0.092,26
06-May-2025 20:15:00,98,0.124,25.95
06-May-2025 20:16:00,94,0.117,25.86
06-May-2025 20:17:00,97,0.141,25.76
06-May-2025 20:18:00,97,0.137,25.71
06-May-2025 20:19:00,97,0.028,25.71
06-May-2025 20:20:00,82,0.096,25.75
06-May-2025 20:21:00,96,0.028,25.7
06-May-2025 20:22:00,104,0.237,25.63
06-May-2025 20:23:00,114,0.178,25.56
06-May-2025 20:24:00,125,0.213,25.47
06-May-2025 20:25:00,133,0.278,25.48
06-May-2025 20:26:00,144,0.236,25.49
06-May-2025 20:27:00,146,0.288,25.49
06-May-2025 20:28:00,138,0.204,25.45
06-May-2025 20:29:00,131,0.077,25.33
06-May-2025 20:30:00,120,0.052,25.28
06-May-2025 20:31:00,113,0.065,25.34
06-May-2025 20:32:00,112,0.171,25.38
06-May-2025 20:33:00,123,0.222,25.35
06-May-2025 20:34:00,118,0.045,25.34
06-May-2025 20:35:00,117,0.26,25.3
06-May-2025 20:36:00,132,0.362,25.21
06-May-2025 20:37:00,149,0.552,25.16
06-May-2025 20:38:00,166,0.46,25.13
06-May-2025 20:39:00,175,0.548,25.1
06-May-2025 20:40:00,163,0.14,25.05
06-May-2025 20:41:00,153,0.5,24.89
06-May-2025 20:42:00,152,0.582,24.74
06-May-2025 20:43:00,150,0.432,24.65
06-May-2025 20:44:00,158,0.161,24.69
06-May-2025 20:45:00,148,0.136,24.86
06-May-2025 20:46:00,153,0.18,25
06-May-2025 20:47:00,144,0.237,25.07
06-May-2025 20:48:00,143,0.216,25.06
06-May-2025 20:49:00,135,0.157,24.99
06-May-2025 20:50:00,130,0.13,25.02
06-May-2025 20:51:00,124,0.187,25.03
06-May-2025 20:52:00,124,0.175,25.06
06-May-2025 20:53:00,129,0.065,25.16
06-May-2025 20:54:00,113,0.053,25.35
06-May-2025 20:55:00,117,0.009,25.62
06-May-2025 20:56:00,116,0.047,26.07
06-May-2025 20:57:00,117,0.013,26.53
06-May-2025 20:58:00,114,0.04,26.88
06-May-2025 20:59:00,112,0.005,27.15
06-May-2025 21:00:00,116,0.03,27.4
06-May-2025 21:01:00,125,0.083,27.61
06-May-2025 21:02:00,119,0.051,27.65
06-May-2025 21:03:00,112,0.028,27.63
06-May-2025 21:04:00,112,0.093,27.6
06-May-2025 21:05:00,113,0.045,27.56
06-May-2025 21:06:00,109,0.025,27.64
06-May-2025 21:07:00,109,0.04,27.8
06-May-2025 21:08:00,109,0.073,27.99
06-May-2025 21:09:00,108,0.029,28.16
06-May-2025 21:10:00,107,0.027,28.3
06-May-2025 21:11:00,107,0.03,28.48
06-May-2025 21:12:00,106,0.034,28.63
06-May-2025 21:13:00,107,0.047,28.78
06-May-2025 21:14:00,108,0.022,28.88
06-May-2025 21:15:00,105,0.021,28.95
06-May-2025 21:16:00,110,0.028,29.01
06-May-2025 21:17:00,108,0.109,29.05
06-May-2025 21:18:00,109,0.257,29
06-May-2025 21:19:00,120,0.102,28.86
06-May-2025 21:20:00,114,0.179,28.78
06-May-2025 21:21:00,114,0.204,28.74
06-May-2025 21:22:00,108,0.106,28.77
06-May-2025 21:23:00,92,0.078,28.78
06-May-2025 21:24:00,91,0.089,28.77
06-May-2025 21:25:00,91,0.061,28.83
06-May-2025 21:26:00,93,0.066,28.93
06-May-2025 21:27:00,93,0.082,29.13
06-May-2025 21:28:00,96,0.09,29.28
06-May-2025 21:29:00,109,0.012,29.46
06-May-2025 21:30:00,106,0.016,29.75
06-May-2025 21:31:00,107,0.017,30.11
06-May-2025 21:32:00,102,0.031,30.48
06-May-2025 21:33:00,85,0.004,30.87
06-May-2025 21:34:00,99,0.087,31.25
06-May-2025 21:35:00,101,0.023,31.45
06-May-2025 21:36:00,100,0.032,31.6
06-May-2025 21:37:00,112,0.031,31.82
06-May-2025 21:38:00,104,0.052,31.99
06-May-2025 21:39:00,88,0.023,32.12
06-May-2025 21:40:00,86,0.022,32.19
06-May-2025 21:41:00,81,0.003,32.23
06-May-2025 21:42:00,86,0.042,32.31
06-May-2025 21:43:00,87,0.017,32.38
06-May-2025 21:44:00,84,0.01,32.43
06-May-2025 21:45:00,83,0.02,32.51
06-May-2025 21:46:00,82,0.017,32.61
06-May-2025 21:47:00,78,0.156,32.68
06-May-2025 21:48:00,76,0.12,32.68
06-May-2025 21:49:00,80,0.091,32.65
06-May-2025 21:50:00,80,0.003,32.63
06-May-2025 21:51:00,84,0.013,32.67
06-May-2025 21:52:00,85,0.007,32.75
06-May-2025 21:53:00,84,0.009,32.9
06-May-2025 21:54:00,81,0.012,33.02
06-May-2025 21:55:00,74,0.029,33.15
06-May-2025 21:56:00,75,0.02,33.24
06-May-2025 21:57:00,76,0.013,33.31
06-May-2025 21:58:00,78,0.027,33.35
06-May-2025 21:59:00,78,0.018,33.4
06-May-2025 22:00:00,77,0.01,33.48
06-May-2025 22:01:00,79,0.017,33.61
06-May-2025 22:02:00,84,0.089,33.71
06-May-2025 22:03:00,90,0.149,33.76
06-May-2025 22:04:00,98,0.129,33.72
06-May-2025 22:05:00,96,0.05,33.64
06-May-2025 22:06:00,82,0.025,33.51
06-May-2025 22:07:00,83,0.025,33.37
06-May-2025 22:08:00,81,0.012,33.3
06-May-2025 22:09:00,88,0.017,33.26
06-May-2025 22:10:00,60,0.019,33.24
06-May-2025 22:11:00,72,0.015,33.23
06-May-2025 22:12:00,81,0.024,33.24
06-May-2025 22:13:00,72,0.072,33.26
06-May-2025 22:14:00,76,0.006,33.28
06-May-2025 22:15:00,73,0.021,33.32
06-May-2025 22:16:00,77,0.056,33.37
06-May-2025 22:17:00,74,0.006,33.41
06-May-2025 22:18:00,74,0.027,33.46
06-May-2025 22:19:00,78,0.031,33.48
06-May-2025 22:20:00,75,0.01,33.48
06-May-2025 22:21:00,74,0.013,33.51
06-May-2025 22:22:00,82,0.026,33.52
06-May-2025 22:23:00,85,0.015,33.5
06-May-2025 22:24:00,76,0.019,33.48
06-May-2025 22:25:00,82,0.041,33.5
06-May-2025 22:26:00,82,0.056,33.52
06-May-2025 22:27:00,89,0.065,33.51
06-May-2025 22:28:00,102,0.05,33.47
06-May-2025 22:29:00,93,0.043,33.4
06-May-2025 22:30:00,96,0.14,33.35
06-May-2025 22:31:00,86,0.113,33.3
06-May-2025 22:32:00,80,0.063,33.19
06-May-2025 22:33:00,74,0.033,33.06
06-May-2025 22:34:00,78,0.041,32.93
06-May-2025 22:35:00,78,0.059,32.81
06-May-2025 22:36:00,81,0.055,32.69
06-May-2025 22:37:00,76,0.039,32.54
06-May-2025 22:38:00,76,0.049,32.4
06-May-2025 22:39:00,77,0.043,32.25
06-May-2025 22:40:00,80,0.082,32.12
06-May-2025 22:41:00,85,0.107,31.96
06-May-2025 22:42:00,81,0.107,31.84
06-May-2025 22:43:00,93,0.137,31.8
06-May-2025 22:44:00,85,0.144,31.78
06-May-2025 22:45:00,74,0.116,31.78
06-May-2025 22:46:00,83,0.085,31.8
06-May-2025 22:47:00,77,0.073,31.81
06-May-2025 22:48:00,51,0.07,31.8
06-May-2025 22:49:00,79,0.093,31.76
06-May-2025 22:50:00,86,0.069,31.7
06-May-2025 22:51:00,82,0.092,31.6
06-May-2025 22:52:00,91,0.07,31.48
06-May-2025 22:53:00,83,0.082,31.36
06-May-2025 22:54:00,62,0.081,31.3
06-May-2025 22:55:00,73,0.084,31.25
06-May-2025 22:56:00,91,0.098,31.22
06-May-2025 22:57:00,97,0.134,31.2
06-May-2025 22:58:00,93,0.025,31.17
06-May-2025 22:59:00,95,0.003,31.16
06-May-2025 23:00:00,98,0.076,31.19
06-May-2025 23:01:00,115,0.13,31.22
06-May-2025 23:02:00,NaN,NaN,NaN
06-May-2025 23:03:00,NaN,NaN,NaN
06-May-2025 23:04:00,NaN,NaN,NaN
06-May-2025 23:05:00,NaN,NaN,NaN
06-May-2025 23:06:00,NaN,NaN,NaN
06-May-2025 23:07:00,NaN,NaN,NaN
06-May-2025 23:08:00,NaN,NaN,NaN
06-May-2025 23:09:00,NaN,NaN,NaN
06-May-2025 23:10:00,NaN,NaN,NaN
06-May-2025 23:11:00,NaN,NaN,NaN
06-May-2025 23:12:00,NaN,NaN,NaN
06-May-2025 23:13:00,NaN,NaN,NaN
06-May-2025 23:14:00,NaN,NaN,NaN
06-May-2025 23:15:00,NaN,NaN,NaN
06-May-2025 23:16:00,NaN,0.227,28.06
06-May-2025 23:17:00,75,0.108,29.31
06-May-2025 23:18:00,95,0.06,29.91
06-May-2025 23:19:00,83,0.022,30.18
06-May-2025 23:20:00,85,0.068,30.43
06-May-2025 23:21:00,72,0.017,30.73
06-May-2025 23:22:00,64,0.083,30.95
06-May-2025 23:23:00,75,0.074,31.19
06-May-2025 23:24:00,80,0.088,31.37
06-May-2025 23:25:00,87,0.041,31.41
06-May-2025 23:26:00,70,0.069,31.49
06-May-2025 23:27:00,74,0.047,31.5
06-May-2025 23:28:00,97,0.024,31.46
06-May-2025 23:29:00,105,0.141,31.45
06-May-2025 23:30:00,NaN,NaN,NaN
06-May-2025 23:31:00,68,0.113,31.39
06-May-2025 23:32:00,66,0.015,31.38
06-May-2025 23:33:00,66,0.002,31.43
06-May-2025 23:34:00,72,0.043,31.57
06-May-2025 23:35:00,68,0.023,31.67
06-May-2025 23:36:00,66,0.008,31.8
06-May-2025 23:37:00,68,0.005,31.88
06-May-2025 23:38:00,70,0.025,31.94
06-May-2025 23:39:00,75,0.02,32
06-May-2025 23:40:00,75,0.027,32.12
06-May-2025 23:41:00,74,0.024,32.22
06-May-2025 23:42:00,69,0.002,32.29
06-May-2025 23:43:00,71,0.001,32.38
06-May-2025 23:44:00,76,0.007,32.39
06-May-2025 23:45:00,73,0.001,32.37
06-May-2025 23:46:00,74,0.002,32.42
06-May-2025 23:47:00,76,0.001,32.47
06-May-2025 23:48:00,77,0.001,32.44
06-May-2025 23:49:00,79,0.001,32.47
06-May-2025 23:50:00,81,0.035,32.51
06-May-2025 23:51:00,84,0.029,32.48
06-May-2025 23:52:00,79,0.019,32.42
06-May-2025 23:53:00,59,0.005,32.47
06-May-2025 23:54:00,NaN,NaN,NaN
06-May-2025 23:55:00,70,0.071,32.91
06-May-2025 23:56:00,71,0.001,33.01
06-May-2025 23:57:00,71,0.001,33.08
06-May-2025 23:58:00,70,0.001,33.14
06-May-2025 23:59:00,76,0.02,33.2
07-May-2025 00:00:00,73,0.013,33.18
07-May-2025 00:01:00,72,0.001,33.16
07-May-2025 00:02:00,70,0.001,33.2
07-May-2025 00:03:00,71,0.001,33.27
07-May-2025 00:04:00,70,0.001,33.34
07-May-2025 00:05:00,70,0.001,33.41
07-May-2025 00:06:00,69,0.005,33.51
07-May-2025 00:07:00,70,0.002,33.63
07-May-2025 00:08:00,68,0.001,33.71
07-May-2025 00:09:00,72,0.009,33.74
07-May-2025 00:10:00,79,0.048,33.68
07-May-2025 00:11:00,79,0.03,33.69
07-May-2025 00:12:00,74,0.005,33.71
07-May-2025 00:13:00,73,0.001,33.63
07-May-2025 00:14:00,77,0.021,33.55
07-May-2025 00:15:00,81,0.072,33.43
07-May-2025 00:16:00,76,0.05,33.35
07-May-2025 00:17:00,76,0.012,33.26
07-May-2025 00:18:00,75,0.001,33.16
07-May-2025 00:19:00,75,0.001,33.08
07-May-2025 00:20:00,76,0.001,33.02
07-May-2025 00:21:00,75,0.001,32.95
07-May-2025 00:22:00,77,0.001,32.87
07-May-2025 00:23:00,78,0.001,32.8
07-May-2025 00:24:00,80,0.001,32.8
07-May-2025 00:25:00,79,0.001,32.79
07-May-2025 00:26:00,79,0.001,32.78
07-May-2025 00:27:00,79,0.001,32.77
07-May-2025 00:28:00,80,0.001,32.77
07-May-2025 00:29:00,80,0.001,32.78
07-May-2025 00:30:00,81,0.001,32.79
07-May-2025 00:31:00,81,0.001,32.81
07-May-2025 00:32:00,81,0.001,32.83
07-May-2025 00:33:00,81,0.001,32.86
07-May-2025 00:34:00,82,0.001,32.88
07-May-2025 00:35:00,81,0.001,32.88
07-May-2025 00:36:00,82,0.015,32.88
07-May-2025 00:37:00,77,0.001,32.83
07-May-2025 00:38:00,80,0.001,32.83
07-May-2025 00:39:00,81,0.001,32.83
07-May-2025 00:40:00,80,0.001,32.84
07-May-2025 00:41:00,81,0.001,32.85
07-May-2025 00:42:00,81,0.001,32.86
07-May-2025 00:43:00,81,0.001,32.88
07-May-2025 00:44:00,80,0.001,32.89
07-May-2025 00:45:00,81,0.001,32.89
07-May-2025 00:46:00,80,0.001,32.89
07-May-2025 00:47:00,80,0.001,32.9
07-May-2025 00:48:00,80,0.001,32.91
07-May-2025 00:49:00,81,0.001,32.93
07-May-2025 00:50:00,81,0.001,32.93
07-May-2025 00:51:00,81,0.001,32.92
07-May-2025 00:52:00,81,0.001,32.91
07-May-2025 00:53:00,81,0.001,32.91
07-May-2025 00:54:00,81,0.001,32.89
07-May-2025 00:55:00,81,0.001,32.91
07-May-2025 00:56:00,82,0.001,32.92
07-May-2025 00:57:00,81,0.001,32.91
07-May-2025 00:58:00,81,0.001,32.88
07-May-2025 00:59:00,81,0.023,32.86
07-May-2025 01:00:00,77,0.008,32.9
07-May-2025 01:01:00,77,0.001,33
07-May-2025 01:02:00,78,0.001,33.12
07-May-2025 01:03:00,78,0.001,33.26
07-May-2025 01:04:00,78,0.001,33.4
07-May-2025 01:05:00,79,0.002,33.54
07-May-2025 01:06:00,78,0.001,33.67
07-May-2025 01:07:00,78,0.001,33.79
07-May-2025 01:08:00,79,0.001,33.9
07-May-2025 01:09:00,78,0.001,34.01
07-May-2025 01:10:00,79,0.001,34.1
07-May-2025 01:11:00,79,0.001,34.19
07-May-2025 01:12:00,83,0.051,34.26
07-May-2025 01:13:00,77,0.006,34.24
07-May-2025 01:14:00,76,0.001,34.21
07-May-2025 01:15:00,76,0.001,34.2
07-May-2025 01:16:00,75,0.001,34.2
07-May-2025 01:17:00,76,0.001,34.23
07-May-2025 01:18:00,76,0.001,34.27
07-May-2025 01:19:00,78,0.006,34.32
07-May-2025 01:20:00,74,0.001,34.39
07-May-2025 01:21:00,74,0.001,34.47
07-May-2025 01:22:00,76,0.001,34.55
07-May-2025 01:23:00,76,0.001,34.63
07-May-2025 01:24:00,76,0.001,34.71
07-May-2025 01:25:00,76,0.001,34.79
07-May-2025 01:26:00,76,0.001,34.88
07-May-2025 01:27:00,76,0.001,34.95
07-May-2025 01:28:00,77,0.001,35.01
07-May-2025 01:29:00,77,0.001,35.07
07-May-2025 01:30:00,76,0.001,35.12
07-May-2025 01:31:00,77,0.001,35.17
07-May-2025 01:32:00,77,0.001,35.22
07-May-2025 01:33:00,82,0.008,35.25
07-May-2025 01:34:00,87,0.062,35.22
07-May-2025 01:35:00,72,0.001,34.91
07-May-2025 01:36:00,73,0.001,34.57
07-May-2025 01:37:00,78,0.001,34.29
07-May-2025 01:38:00,78,0.001,34.04
07-May-2025 01:39:00,78,0.001,33.83
07-May-2025 01:40:00,77,0.001,33.66
07-May-2025 01:41:00,77,0.001,33.52
07-May-2025 01:42:00,77,0.001,33.39
07-May-2025 01:43:00,75,0.001,33.28
07-May-2025 01:44:00,78,0.002,33.18
07-May-2025 01:45:00,76,0.001,33.09
07-May-2025 01:46:00,74,0.001,33.01
07-May-2025 01:47:00,77,0.002,32.94
07-May-2025 01:48:00,76,0.001,32.88
07-May-2025 01:49:00,75,0.001,32.82
07-May-2025 01:50:00,74,0.001,32.77
07-May-2025 01:51:00,75,0.001,32.73
07-May-2025 01:52:00,75,0.001,32.69
07-May-2025 01:53:00,75,0.001,32.67
07-May-2025 01:54:00,75,0.001,32.63
07-May-2025 01:55:00,74,0.001,32.6
07-May-2025 01:56:00,74,0.001,32.57
07-May-2025 01:57:00,73,0.001,32.54
07-May-2025 01:58:00,72,0.002,32.51
07-May-2025 01:59:00,73,0.001,32.47
07-May-2025 02:00:00,73,0.001,32.44
07-May-2025 02:01:00,73,0.001,32.41
07-May-2025 02:02:00,73,0.001,32.39
07-May-2025 02:03:00,72,0.001,32.37
07-May-2025 02:04:00,73,0.001,32.36
07-May-2025 02:05:00,73,0.001,32.34
07-May-2025 02:06:00,73,0.001,32.33
07-May-2025 02:07:00,73,0.001,32.31
07-May-2025 02:08:00,72,0.001,32.29
07-May-2025 02:09:00,72,0.001,32.27
07-May-2025 02:10:00,71,0.001,32.25
07-May-2025 02:11:00,70,0.001,32.21
07-May-2025 02:12:00,72,0.001,32.19
07-May-2025 02:13:00,72,0.001,32.17
07-May-2025 02:14:00,72,0.001,32.15
07-May-2025 02:15:00,72,0.001,32.13
07-May-2025 02:16:00,72,0.001,32.11
07-May-2025 02:17:00,72,0.001,32.09
07-May-2025 02:18:00,71,0.001,32.08
07-May-2025 02:19:00,71,0.001,32.05
07-May-2025 02:20:00,71,0.001,32.03
07-May-2025 02:21:00,71,0.001,32.02
07-May-2025 02:22:00,72,0.001,32
07-May-2025 02:23:00,72,0.001,31.99
07-May-2025 02:24:00,76,0.011,31.98
07-May-2025 02:25:00,72,0.006,32.06
07-May-2025 02:26:00,58,0.048,32.21
07-May-2025 02:27:00,67,0.001,32.38
07-May-2025 02:28:00,69,0.001,32.6
07-May-2025 02:29:00,69,0.001,32.81
07-May-2025 02:30:00,70,0.001,33.01
07-May-2025 02:31:00,70,0.001,33.21
07-May-2025 02:32:00,69,0.001,33.39
07-May-2025 02:33:00,71,0.001,33.55
07-May-2025 02:34:00,70,0.001,33.7
07-May-2025 02:35:00,71,0.001,33.83
07-May-2025 02:36:00,70,0.001,33.96
07-May-2025 02:37:00,71,0.001,34.06
07-May-2025 02:38:00,70,0.001,34.16
07-May-2025 02:39:00,70,0.001,34.25
07-May-2025 02:40:00,70,0.001,34.32
07-May-2025 02:41:00,71,0.001,34.39
07-May-2025 02:42:00,73,0.009,34.46
07-May-2025 02:43:00,73,0.023,34.47
07-May-2025 02:44:00,69,0.001,34.42
07-May-2025 02:45:00,70,0.001,34.41
07-May-2025 02:46:00,71,0.001,34.41
07-May-2025 02:47:00,69,0.001,34.41
07-May-2025 02:48:00,71,0.001,34.41
07-May-2025 02:49:00,74,0.003,34.42
07-May-2025 02:50:00,69,0.001,34.4
07-May-2025 02:51:00,71,0.001,34.38
07-May-2025 02:52:00,72,0.001,34.38
07-May-2025 02:53:00,72,0.001,34.37
07-May-2025 02:54:00,72,0.001,34.37
07-May-2025 02:55:00,73,0.001,34.37
07-May-2025 02:56:00,73,0.001,34.39
07-May-2025 02:57:00,72,0.001,34.39
07-May-2025 02:58:00,72,0.001,34.39
07-May-2025 02:59:00,72,0.001,34.37
07-May-2025 03:00:00,72,0.001,34.38
07-May-2025 03:01:00,72,0.001,34.39
07-May-2025 03:02:00,72,0.001,34.4
07-May-2025 03:03:00,73,0.001,34.41
07-May-2025 03:04:00,73,0.001,34.42
07-May-2025 03:05:00,72,0.001,34.43
07-May-2025 03:06:00,72,0.001,34.43
07-May-2025 03:07:00,72,0.001,34.43
07-May-2025 03:08:00,72,0.001,34.43
07-May-2025 03:09:00,73,0.001,34.43
07-May-2025 03:10:00,72,0.001,34.43
07-May-2025 03:11:00,72,0.001,34.44
07-May-2025 03:12:00,72,0.001,34.43
07-May-2025 03:13:00,72,0.001,34.43
07-May-2025 03:14:00,73,0.001,34.43
07-May-2025 03:15:00,72,0.001,34.43
07-May-2025 03:16:00,75,0.031,34.42
07-May-2025 03:17:00,69,0.001,34.39
07-May-2025 03:18:00,73,0.022,34.36
07-May-2025 03:19:00,66,0.001,34.36
07-May-2025 03:20:00,68,0.001,34.39
07-May-2025 03:21:00,67,0.001,34.42
07-May-2025 03:22:00,69,0.001,34.44
07-May-2025 03:23:00,70,0.001,34.47
07-May-2025 03:24:00,74,0.001,34.49
07-May-2025 03:25:00,71,0.001,34.5
07-May-2025 03:26:00,74,0.001,34.51
07-May-2025 03:27:00,76,0.001,34.51
07-May-2025 03:28:00,76,0.002,34.51
07-May-2025 03:29:00,73,0.001,34.53
07-May-2025 03:30:00,75,0.001,34.56
07-May-2025 03:31:00,70,0.001,34.59
07-May-2025 03:32:00,70,0.001,34.59
07-May-2025 03:33:00,73,0.001,34.6
07-May-2025 03:34:00,71,0.001,34.6
07-May-2025 03:35:00,69,0.001,34.61
07-May-2025 03:36:00,72,0.002,34.6
07-May-2025 03:37:00,70,0.001,34.61
07-May-2025 03:38:00,71,0.001,34.63
07-May-2025 03:39:00,67,0.022,34.61
07-May-2025 03:40:00,69,0.001,34.53
07-May-2025 03:41:00,69,0.001,34.49
07-May-2025 03:42:00,71,0.001,34.49
07-May-2025 03:43:00,70,0.001,34.49
07-May-2025 03:44:00,71,0.001,34.52
07-May-2025 03:45:00,70,0.041,34.54
07-May-2025 03:46:00,67,0.001,34.5
07-May-2025 03:47:00,71,0.017,34.47
07-May-2025 03:48:00,64,0.016,34.43
07-May-2025 03:49:00,66,0.001,34.32
07-May-2025 03:50:00,65,0.001,34.21
07-May-2025 03:51:00,65,0.001,34.15
07-May-2025 03:52:00,65,0.001,34.11
07-May-2025 03:53:00,65,0.001,34.09
07-May-2025 03:54:00,65,0.001,34.08
07-May-2025 03:55:00,66,0.001,34.08
07-May-2025 03:56:00,66,0.001,34.09
07-May-2025 03:57:00,66,0.001,34.1
07-May-2025 03:58:00,67,0.001,34.11
07-May-2025 03:59:00,67,0.001,34.12
07-May-2025 04:00:00,67,0.001,34.14
07-May-2025 04:01:00,66,0.001,34.15
07-May-2025 04:02:00,67,0.001,34.17
07-May-2025 04:03:00,66,0.001,34.19
07-May-2025 04:04:00,66,0.001,34.2
07-May-2025 04:05:00,67,0.001,34.22
07-May-2025 04:06:00,67,0.001,34.23
07-May-2025 04:07:00,66,0.001,34.25
07-May-2025 04:08:00,66,0.001,34.26
07-May-2025 04:09:00,66,0.001,34.27
07-May-2025 04:10:00,67,0.001,34.28
07-May-2025 04:11:00,67,0.001,34.29
07-May-2025 04:12:00,67,0.001,34.31
07-May-2025 04:13:00,66,0.001,34.31
07-May-2025 04:14:00,67,0.001,34.32
07-May-2025 04:15:00,73,0.029,34.34
07-May-2025 04:16:00,64,0.001,34.26
07-May-2025 04:17:00,61,0.001,34.04
07-May-2025 04:18:00,62,0.001,33.8
07-May-2025 04:19:00,68,0.004,33.55
07-May-2025 04:20:00,63,0.015,33.33
07-May-2025 04:21:00,61,0.001,33.22
07-May-2025 04:22:00,64,0.002,33.19
07-May-2025 04:23:00,62,0.001,33.22
07-May-2025 04:24:00,61,0.002,33.28
07-May-2025 04:25:00,62,0.001,33.35
07-May-2025 04:26:00,64,0.001,33.43
07-May-2025 04:27:00,62,0.001,33.51
07-May-2025 04:28:00,63,0.001,33.59
07-May-2025 04:29:00,62,0.001,33.68
07-May-2025 04:30:00,63,0.001,33.76
07-May-2025 04:31:00,64,0.002,33.83
07-May-2025 04:32:00,65,0.001,33.9
07-May-2025 04:33:00,62,0.001,33.96
07-May-2025 04:34:00,66,0.026,34.02
07-May-2025 04:35:00,65,0.015,34.01
07-May-2025 04:36:00,65,0.001,33.99
07-May-2025 04:37:00,64,0.001,34
07-May-2025 04:38:00,63,0.001,34.05
07-May-2025 04:39:00,65,0.001,34.09
07-May-2025 04:40:00,64,0.001,34.14
07-May-2025 04:41:00,64,0.001,34.18
07-May-2025 04:42:00,64,0.001,34.23
07-May-2025 04:43:00,64,0.001,34.26
07-May-2025 04:44:00,64,0.001,34.3
07-May-2025 04:45:00,65,0.001,34.32
07-May-2025 04:46:00,66,0.001,34.35
07-May-2025 04:47:00,65,0.001,34.38
07-May-2025 04:48:00,66,0.001,34.4
07-May-2025 04:49:00,66,0.001,34.43
07-May-2025 04:50:00,65,0.001,34.44
07-May-2025 04:51:00,68,0.001,34.46
07-May-2025 04:52:00,71,0.095,34.41
07-May-2025 04:53:00,68,0.001,34.33
07-May-2025 04:54:00,68,0.001,34.36
07-May-2025 04:55:00,67,0.001,34.43
07-May-2025 04:56:00,67,0.001,34.51
07-May-2025 04:57:00,68,0.001,34.58
07-May-2025 04:58:00,70,0.001,34.63
07-May-2025 04:59:00,70,0.001,34.68
07-May-2025 05:00:00,71,0.001,34.72
07-May-2025 05:01:00,72,0.001,34.75
07-May-2025 05:02:00,71,0.001,34.77
07-May-2025 05:03:00,70,0.001,34.8
07-May-2025 05:04:00,71,0.001,34.81
07-May-2025 05:05:00,70,0.001,34.84
07-May-2025 05:06:00,68,0.002,34.85
07-May-2025 05:07:00,72,0.002,34.85
07-May-2025 05:08:00,70,0.001,34.85
07-May-2025 05:09:00,71,0.002,34.86
07-May-2025 05:10:00,75,0.002,34.86
07-May-2025 05:11:00,69,0.001,34.82
07-May-2025 05:12:00,68,0.001,34.76
07-May-2025 05:13:00,68,0.001,34.71
07-May-2025 05:14:00,69,0.001,34.66
07-May-2025 05:15:00,71,0.001,34.6
07-May-2025 05:16:00,74,0.002,34.53
07-May-2025 05:17:00,73,0.001,34.48
07-May-2025 05:18:00,72,0.001,34.44
07-May-2025 05:19:00,74,0.001,34.41
07-May-2025 05:20:00,74,0.05,34.38
07-May-2025 05:21:00,70,0.001,34.31
07-May-2025 05:22:00,71,0.001,34.26
07-May-2025 05:23:00,66,0.022,34.2
07-May-2025 05:24:00,64,0.001,34.11
07-May-2025 05:25:00,65,0.001,33.98
07-May-2025 05:26:00,65,0.001,33.86
07-May-2025 05:27:00,64,0.001,33.75
07-May-2025 05:28:00,63,0.001,33.65
07-May-2025 05:29:00,70,0.004,33.56
07-May-2025 05:30:00,63,0.001,33.5
07-May-2025 05:31:00,65,0.001,33.51
07-May-2025 05:32:00,68,0.001,33.54
07-May-2025 05:33:00,68,0.001,33.57
07-May-2025 05:34:00,70,0.001,33.62
07-May-2025 05:35:00,67,0.021,33.61
07-May-2025 05:36:00,65,0.005,33.39
07-May-2025 05:37:00,69,0.001,33.23
07-May-2025 05:38:00,67,0.001,33.15
07-May-2025 05:39:00,66,0.001,33.08
07-May-2025 05:40:00,65,0.001,33.02
07-May-2025 05:41:00,65,0.001,32.96
07-May-2025 05:42:00,63,0.001,32.9
07-May-2025 05:43:00,64,0.001,32.85
07-May-2025 05:44:00,65,0.001,32.8
07-May-2025 05:45:00,70,0.023,32.81
07-May-2025 05:46:00,65,0.002,33.07
07-May-2025 05:47:00,64,0.001,33.13
07-May-2025 05:48:00,66,0.001,33.16
07-May-2025 05:49:00,66,0.001,33.21
07-May-2025 05:50:00,65,0.001,33.26
07-May-2025 05:51:00,66,0.001,33.31
07-May-2025 05:52:00,66,0.001,33.37
07-May-2025 05:53:00,66,0.001,33.42
07-May-2025 05:54:00,63,0.014,33.49
07-May-2025 05:55:00,65,0.001,33.66
07-May-2025 05:56:00,66,0.001,33.79
07-May-2025 05:57:00,66,0.001,33.88
07-May-2025 05:58:00,66,0.001,33.96
07-May-2025 05:59:00,65,0.001,34.02
07-May-2025 06:00:00,66,0.02,34.08
07-May-2025 06:01:00,62,0.007,34.02
07-May-2025 06:02:00,64,0.001,33.8
07-May-2025 06:03:00,65,0.001,33.57
07-May-2025 06:04:00,66,0.001,33.35
07-May-2025 06:05:00,67,0.001,33.16
07-May-2025 06:06:00,68,0.001,32.98
07-May-2025 06:07:00,66,0.001,32.83
07-May-2025 06:08:00,66,0.001,32.69
07-May-2025 06:09:00,66,0.001,32.57
07-May-2025 06:10:00,66,0.001,32.47
07-May-2025 06:11:00,66,0.001,32.37
07-May-2025 06:12:00,66,0.001,32.29
07-May-2025 06:13:00,68,0.003,32.23
07-May-2025 06:14:00,71,0.004,32.23
07-May-2025 06:15:00,64,0.001,32.2
07-May-2025 06:16:00,63,0.001,32.18
07-May-2025 06:17:00,63,0.001,32.16
07-May-2025 06:18:00,63,0.001,32.14
07-May-2025 06:19:00,65,0.001,32.13
07-May-2025 06:20:00,66,0.001,32.13
07-May-2025 06:21:00,71,0.046,32.12
07-May-2025 06:22:00,65,0.001,32.18
07-May-2025 06:23:00,66,0.001,32.31
07-May-2025 06:24:00,65,0.001,32.46
07-May-2025 06:25:00,64,0.001,32.61
07-May-2025 06:26:00,68,0.001,32.76
07-May-2025 06:27:00,66,0.001,32.89
07-May-2025 06:28:00,65,0.001,33.02
07-May-2025 06:29:00,65,0.001,33.13
07-May-2025 06:30:00,71,0.001,33.23
07-May-2025 06:31:00,66,0.001,33.32
07-May-2025 06:32:00,69,0.066,33.41
07-May-2025 06:33:00,65,0.001,33.55
07-May-2025 06:34:00,68,0.001,33.75
07-May-2025 06:35:00,68,0.001,33.91
07-May-2025 06:36:00,69,0.001,34.06
07-May-2025 06:37:00,68,0.001,34.17
07-May-2025 06:38:00,71,0.002,34.26
07-May-2025 06:39:00,68,0.001,34.34
07-May-2025 06:40:00,68,0.001,34.41
07-May-2025 06:41:00,68,0.001,34.46
07-May-2025 06:42:00,71,0.001,34.51
07-May-2025 06:43:00,68,0.001,34.55
07-May-2025 06:44:00,70,0.001,34.58
07-May-2025 06:45:00,69,0.001,34.61
07-May-2025 06:46:00,68,0.001,34.64
07-May-2025 06:47:00,69,0.001,34.67
07-May-2025 06:48:00,71,0.001,34.68
07-May-2025 06:49:00,72,0.001,34.69
07-May-2025 06:50:00,67,0.026,34.69
07-May-2025 06:51:00,67,0.001,34.64
07-May-2025 06:52:00,69,0.001,34.59
07-May-2025 06:53:00,68,0.001,34.55
07-May-2025 06:54:00,71,0.001,34.51
07-May-2025 06:55:00,67,0.031,34.47
07-May-2025 06:56:00,64,0.001,34.26
07-May-2025 06:57:00,68,0.001,34.1
07-May-2025 06:58:00,66,0.001,34.01
07-May-2025 06:59:00,65,0.001,33.98
07-May-2025 07:00:00,68,0.002,33.97
07-May-2025 07:01:00,65,0.001,33.98
07-May-2025 07:02:00,67,0.001,34.01
07-May-2025 07:03:00,69,0.001,34.04
07-May-2025 07:04:00,67,0.001,34.07
07-May-2025 07:05:00,67,0.001,34.11
07-May-2025 07:06:00,70,0.001,34.13
07-May-2025 07:07:00,71,0.001,34.16
07-May-2025 07:08:00,68,0.001,34.19
07-May-2025 07:09:00,67,0.001,34.21
07-May-2025 07:10:00,66,0.034,34.24
07-May-2025 07:11:00,64,0.002,34.24
07-May-2025 07:12:00,67,0.001,34.24
07-May-2025 07:13:00,65,0.001,34.24
07-May-2025 07:14:00,68,0.001,34.24
07-May-2025 07:15:00,66,0.001,34.23
07-May-2025 07:16:00,65,0.001,34.23
07-May-2025 07:17:00,64,0.001,34.23
07-May-2025 07:18:00,67,0.015,34.21
07-May-2025 07:19:00,67,0.001,34.13
07-May-2025 07:20:00,66,0.001,34.04
07-May-2025 07:21:00,66,0.001,33.92
07-May-2025 07:22:00,70,0.019,33.77
07-May-2025 07:23:00,65,0.001,33.61
07-May-2025 07:24:00,71,0.002,33.57
07-May-2025 07:25:00,64,0.001,33.57
07-May-2025 07:26:00,64,0.001,33.56
07-May-2025 07:27:00,68,0.005,33.55
07-May-2025 07:28:00,72,0.032,33.52
07-May-2025 07:29:00,65,0.001,33.48
07-May-2025 07:30:00,66,0.001,33.47
07-May-2025 07:31:00,68,0.001,33.47
07-May-2025 07:32:00,65,0.001,33.49
07-May-2025 07:33:00,68,0.001,33.51
07-May-2025 07:34:00,65,0.001,33.54
07-May-2025 07:35:00,64,0.001,33.57
07-May-2025 07:36:00,68,0.002,33.6
07-May-2025 07:37:00,65,0.001,33.64
07-May-2025 07:38:00,66,0.001,33.68
07-May-2025 07:39:00,68,0.001,33.71
07-May-2025 07:40:00,66,0.001,33.74
07-May-2025 07:41:00,68,0.003,33.77
07-May-2025 07:42:00,72,0.01,33.8
07-May-2025 07:43:00,65,0.001,33.78
07-May-2025 07:44:00,66,0.001,33.77
07-May-2025 07:45:00,67,0.001,33.75
07-May-2025 07:46:00,72,0.064,33.73
07-May-2025 07:47:00,65,0.001,33.72
07-May-2025 07:48:00,67,0.001,33.75
07-May-2025 07:49:00,67,0.001,33.81
07-May-2025 07:50:00,66,0.001,33.89
07-May-2025 07:51:00,67,0.001,33.98
07-May-2025 07:52:00,67,0.001,34.06
07-May-2025 07:53:00,69,0.001,34.14
07-May-2025 07:54:00,68,0.001,34.21
07-May-2025 07:55:00,77,0.008,34.28
07-May-2025 07:56:00,65,0.001,34.36
07-May-2025 07:57:00,66,0.001,34.4
07-May-2025 07:58:00,70,0.001,34.41
07-May-2025 07:59:00,66,0.001,34.4
07-May-2025 08:00:00,68,0.001,34.39
07-May-2025 08:01:00,77,0.063,34.37
07-May-2025 08:02:00,68,0.001,34.45
07-May-2025 08:03:00,72,0.05,34.57
07-May-2025 08:04:00,69,0.003,34.54
07-May-2025 08:05:00,64,0.001,34.5
07-May-2025 08:06:00,66,0.001,34.49
07-May-2025 08:07:00,64,0.001,34.5
07-May-2025 08:08:00,65,0.001,34.51
07-May-2025 08:09:00,67,0.001,34.53
07-May-2025 08:10:00,66,0.001,34.55
07-May-2025 08:11:00,71,0.012,34.48
07-May-2025 08:12:00,66,0.001,34.26
07-May-2025 08:13:00,66,0.001,34.15
07-May-2025 08:14:00,69,0.001,34.04
07-May-2025 08:15:00,66,0.001,33.98
07-May-2025 08:16:00,67,0.001,33.93
07-May-2025 08:17:00,66,0.001,33.88
07-May-2025 08:18:00,65,0.001,33.84
07-May-2025 08:19:00,67,0.001,33.79
07-May-2025 08:20:00,66,0.001,33.7
07-May-2025 08:21:00,74,0.009,33.8
07-May-2025 08:22:00,74,0.043,33.87
07-May-2025 08:23:00,73,0.032,33.94
07-May-2025 08:24:00,89,0.15,33.98
07-May-2025 08:25:00,106,0.064,33.91
07-May-2025 08:26:00,103,0.129,33.78
07-May-2025 08:27:00,99,0.093,33.61
07-May-2025 08:28:00,95,0.073,33.47
07-May-2025 08:29:00,89,0.07,33.29
07-May-2025 08:30:00,87,0.009,33.14
07-May-2025 08:31:00,96,0.031,33.05
07-May-2025 08:32:00,94,0.091,32.98
07-May-2025 08:33:00,93,0.072,32.94
07-May-2025 08:34:00,82,0.014,32.86
07-May-2025 08:35:00,74,0.006,32.72
07-May-2025 08:36:00,70,0.002,32.58
07-May-2025 08:37:00,76,0.007,32.52
07-May-2025 08:38:00,72,0.001,32.49
07-May-2025 08:39:00,74,0.006,32.47
07-May-2025 08:40:00,74,0.006,32.51
07-May-2025 08:41:00,70,0.002,32.58
07-May-2025 08:42:00,72,0.004,32.64
07-May-2025 08:43:00,71,0.002,32.68
07-May-2025 08:44:00,74,0.006,32.75
07-May-2025 08:45:00,73,0.006,32.81
07-May-2025 08:46:00,82,0.023,32.86
07-May-2025 08:47:00,NaN,NaN,NaN
07-May-2025 08:48:00,NaN,0.358,33
07-May-2025 08:49:00,75,0.012,33.06
07-May-2025 08:50:00,76,0.014,33.13
07-May-2025 08:51:00,81,0.079,33.12
07-May-2025 08:52:00,92,0.072,33.07
07-May-2025 08:53:00,91,0.103,33.01
07-May-2025 08:54:00,NaN,0.138,32.94
07-May-2025 08:55:00,87,0.057,32.73
07-May-2025 08:56:00,89,0.052,32.61
07-May-2025 08:57:00,85,0.077,32.48
07-May-2025 08:58:00,81,0.068,32.44
07-May-2025 08:59:00,99,0.185,32.31
07-May-2025 09:00:00,82,0.165,32.25
07-May-2025 09:01:00,57,0.104,32.24
07-May-2025 09:02:00,54,0.073,32.25
07-May-2025 09:03:00,61,0.28,32.13
07-May-2025 09:04:00,46,0.18,32.06
07-May-2025 09:05:00,65,0.089,32.05
07-May-2025 09:06:00,83,0.102,32.08
07-May-2025 09:07:00,82,0.112,32.08
07-May-2025 09:08:00,86,0.132,32
07-May-2025 09:09:00,94,0.009,32.03
07-May-2025 09:10:00,97,0.176,32.03
07-May-2025 09:11:00,86,0.159,32.03
07-May-2025 09:12:00,110,0.215,32.04
07-May-2025 09:13:00,114,0.174,31.68
07-May-2025 09:14:00,101,0.169,31.78
07-May-2025 09:15:00,102,0.211,31.69
07-May-2025 09:16:00,99,0.113,31.69
07-May-2025 09:17:00,86,0.104,31.69
07-May-2025 09:18:00,100,0.117,31.6
07-May-2025 09:19:00,92,0.136,31.52
07-May-2025 09:20:00,89,0.119,31.4
07-May-2025 09:21:00,102,0.15,31.35
07-May-2025 09:22:00,103,0.149,31.24
07-May-2025 09:23:00,108,0.269,31.25
07-May-2025 09:24:00,106,0.126,31.34
07-May-2025 09:25:00,97,0.122,31.49
07-May-2025 09:26:00,93,0.041,31.48
07-May-2025 09:27:00,95,0.145,31.33
07-May-2025 09:28:00,92,0.13,31.4
07-May-2025 09:29:00,100,0.123,31.51
07-May-2025 09:30:00,81,0.063,31.54
07-May-2025 09:31:00,80,0.061,31.46
07-May-2025 09:32:00,79,0.056,31.34
07-May-2025 09:33:00,74,0.015,31.24
07-May-2025 09:34:00,78,0.035,31.11
07-May-2025 09:35:00,71,0.004,31
07-May-2025 09:36:00,80,0.034,30.9
07-May-2025 09:37:00,83,0.043,30.8
07-May-2025 09:38:00,74,0.014,30.71
07-May-2025 09:39:00,74,0.019,30.65
07-May-2025 09:40:00,76,0.014,30.58
07-May-2025 09:41:00,81,0.012,30.53
07-May-2025 09:42:00,79,0.025,30.43
07-May-2025 09:43:00,80,0.037,30.29
07-May-2025 09:44:00,82,0.015,30.18
07-May-2025 09:45:00,79,0.034,30.15
07-May-2025 09:46:00,81,0.033,30.11
07-May-2025 09:47:00,82,0.035,30.05
07-May-2025 09:48:00,81,0.062,30
07-May-2025 09:49:00,77,0.048,29.92
07-May-2025 09:50:00,80,0.041,29.85
07-May-2025 09:51:00,82,0.058,29.71
07-May-2025 09:52:00,74,0.009,29.72
07-May-2025 09:53:00,73,0.053,29.69
07-May-2025 09:54:00,98,0.343,29.7
07-May-2025 09:55:00,111,0.398,29.81
07-May-2025 09:56:00,120,0.247,29.84
07-May-2025 09:57:00,104,0.107,29.83
07-May-2025 09:58:00,93,0.01,29.85
07-May-2025 09:59:00,76,0.018,29.88
07-May-2025 10:00:00,48,0.029,29.96
07-May-2025 10:01:00,57,0.156,30.11
07-May-2025 10:02:00,76,0.029,30.16
07-May-2025 10:03:00,80,0.007,30.21
07-May-2025 10:04:00,96,0.138,30.43
07-May-2025 10:05:00,102,0.129,30.51
07-May-2025 10:06:00,93,0.062,30.64
07-May-2025 10:07:00,76,0.01,30.74
07-May-2025 10:08:00,77,0.023,30.73
07-May-2025 10:09:00,77,0.019,30.7
07-May-2025 10:10:00,80,0.016,30.62
07-May-2025 10:11:00,83,0.009,30.5
07-May-2025 10:12:00,81,0.015,30.39
07-May-2025 10:13:00,79,0.022,30.35
07-May-2025 10:14:00,77,0.002,30.27
07-May-2025 10:15:00,78,0.002,30.19
07-May-2025 10:16:00,80,0.02,30.11
07-May-2025 10:17:00,81,0.018,30.05
07-May-2025 10:18:00,80,0.003,29.95
07-May-2025 10:19:00,79,0.009,29.82
07-May-2025 10:20:00,80,0.001,29.76
07-May-2025 10:21:00,86,0.046,29.71
07-May-2025 10:22:00,83,0.044,29.73
07-May-2025 10:23:00,76,0.006,29.73
07-May-2025 10:24:00,85,0.018,29.75
07-May-2025 10:25:00,83,0.022,29.86
07-May-2025 10:26:00,78,0.014,29.89
07-May-2025 10:27:00,82,0.026,29.95
07-May-2025 10:28:00,80,0.023,30.01
07-May-2025 10:29:00,83,0.038,30.08
07-May-2025 10:30:00,78,0.017,30.1
07-May-2025 10:31:00,77,0.015,30.11
07-May-2025 10:32:00,79,0.012,30.13
07-May-2025 10:33:00,79,0.068,30.11
07-May-2025 10:34:00,76,0.227,30.13
07-May-2025 10:35:00,83,0.094,30.19
07-May-2025 10:36:00,75,0.019,30.23
07-May-2025 10:37:00,80,0.035,30.29
07-May-2025 10:38:00,100,0.215,30.31
07-May-2025 10:39:00,104,0.191,30.31
07-May-2025 10:40:00,101,0.171,30.35
07-May-2025 10:41:00,103,0.143,30.34
07-May-2025 10:42:00,101,0.106,30.36
07-May-2025 10:43:00,80,0.013,30.41
07-May-2025 10:44:00,76,0.044,30.47
07-May-2025 10:45:00,72,0.005,30.5
07-May-2025 10:46:00,80,0.032,30.56
07-May-2025 10:47:00,79,0.039,30.6
07-May-2025 10:48:00,79,0.029,30.62
07-May-2025 10:49:00,77,0.012,30.66
07-May-2025 10:50:00,75,0.013,30.63
07-May-2025 10:51:00,80,0.045,30.63
07-May-2025 10:52:00,72,0.001,30.62
07-May-2025 10:53:00,75,0.001,30.55
07-May-2025 10:54:00,79,0.001,30.48
07-May-2025 10:55:00,75,0.133,30.41
07-May-2025 10:56:00,71,0.137,30.38
07-May-2025 10:57:00,93,0.123,30.35
07-May-2025 10:58:00,97,0.125,30.32
07-May-2025 10:59:00,80,0.024,30.36
07-May-2025 11:00:00,79,0.003,30.38
07-May-2025 11:01:00,85,0.045,30.37
07-May-2025 11:02:00,80,0.03,30.4
07-May-2025 11:03:00,77,0.04,30.43
07-May-2025 11:04:00,75,0.018,30.43
07-May-2025 11:05:00,85,0.064,30.43
07-May-2025 11:06:00,68,0.011,30.46
07-May-2025 11:07:00,44,0.025,30.45
07-May-2025 11:08:00,64,0.027,30.55
07-May-2025 11:09:00,52,0.016,30.62
07-May-2025 11:10:00,47,0.03,30.58
07-May-2025 11:11:00,65,0.009,30.69
07-May-2025 11:12:00,83,0.032,30.81
07-May-2025 11:13:00,98,0.08,30.87
07-May-2025 11:14:00,93,0.048,30.89
07-May-2025 11:15:00,84,0.013,30.92
07-May-2025 11:16:00,92,0.011,30.88
07-May-2025 11:17:00,86,0.008,30.89
07-May-2025 11:18:00,82,0.009,30.95
07-May-2025 11:19:00,76,0.027,31.03
07-May-2025 11:20:00,74,0.019,31.12
07-May-2025 11:21:00,70,0.021,31.2
07-May-2025 11:22:00,72,0.016,31.29
07-May-2025 11:23:00,59,0.024,31.38
07-May-2025 11:24:00,72,0.03,31.47
07-May-2025 11:25:00,65,0.012,31.55
07-May-2025 11:26:00,78,0.033,31.63
07-May-2025 11:27:00,80,0.013,31.7
07-May-2025 11:28:00,83,0.01,31.69
07-May-2025 11:29:00,85,0.037,31.65
07-May-2025 11:30:00,71,0.02,31.65
07-May-2025 11:31:00,67,0.029,31.66
07-May-2025 11:32:00,77,0.007,31.72
07-May-2025 11:33:00,82,0.033,31.77
07-May-2025 11:34:00,76,0.02,31.77
07-May-2025 11:35:00,80,0.011,31.63
07-May-2025 11:36:00,82,0.073,31.52
07-May-2025 11:37:00,64,0.096,31.49
07-May-2025 11:38:00,88,0.121,31.5
07-May-2025 11:39:00,96,0.306,31.56
07-May-2025 11:40:00,101,0.311,31.49
07-May-2025 11:41:00,93,0.281,31.38
07-May-2025 11:42:00,103,0.152,31.2
07-May-2025 11:43:00,79,0.026,31.13
07-May-2025 11:44:00,75,0.063,31.11
07-May-2025 11:45:00,78,0.061,31.1
07-May-2025 11:46:00,75,0.038,31.06
07-May-2025 11:47:00,73,0.038,30.98
07-May-2025 11:48:00,81,0.095,30.81
07-May-2025 11:49:00,70,0.014,30.68
07-May-2025 11:50:00,77,0.062,30.45
07-May-2025 11:51:00,102,0.112,30.32
07-May-2025 11:52:00,108,0.209,30.4
07-May-2025 11:53:00,109,0.304,30.5
07-May-2025 11:54:00,114,0.195,30.56
07-May-2025 11:55:00,112,0.142,30.63
07-May-2025 11:56:00,82,0.016,30.47
07-May-2025 11:57:00,74,0.016,30.4
07-May-2025 11:58:00,75,0.004,30.52
07-May-2025 11:59:00,75,0.009,30.68
07-May-2025 12:00:00,75,0.003,30.87
07-May-2025 12:01:00,91,0.267,31.08
07-May-2025 12:02:00,109,0.118,31.27
07-May-2025 12:03:00,80,0.026,31.37
07-May-2025 12:04:00,75,0.021,31.43
07-May-2025 12:05:00,71,0.041,31.55
07-May-2025 12:06:00,71,0.027,31.63
07-May-2025 12:07:00,75,0.019,31.94
07-May-2025 12:08:00,53,0.01,32.24
07-May-2025 12:09:00,81,0.015,32.55
07-May-2025 12:10:00,80,0.015,32.74
07-May-2025 12:11:00,80,0.014,32.84
07-May-2025 12:12:00,81,0.016,32.98
07-May-2025 12:13:00,87,0.012,33.09
07-May-2025 12:14:00,108,0.034,33.16
07-May-2025 12:15:00,82,0.011,33.2
07-May-2025 12:16:00,80,0.046,33.35
07-May-2025 12:17:00,105,0.253,33.46
07-May-2025 12:18:00,112,0.295,33.48
07-May-2025 12:19:00,94,0.077,33.45
07-May-2025 12:20:00,75,0.014,33.33
07-May-2025 12:21:00,76,0.026,33.19
07-May-2025 12:22:00,77,0.011,33.16
07-May-2025 12:23:00,77,0.016,33.15
07-May-2025 12:24:00,80,0.031,33.22
07-May-2025 12:25:00,78,0.007,33.29
07-May-2025 12:26:00,78,0.024,33.38
07-May-2025 12:27:00,78,0.019,33.47
07-May-2025 12:28:00,79,0.012,33.54
07-May-2025 12:29:00,80,0.015,33.56
07-May-2025 12:30:00,79,0.02,33.56
07-May-2025 12:31:00,78,0.018,33.56
07-May-2025 12:32:00,82,0.016,33.59
07-May-2025 12:33:00,83,0.083,33.6
07-May-2025 12:34:00,93,0.206,33.57
07-May-2025 12:35:00,102,0.125,33.46
07-May-2025 12:36:00,102,0.111,33.4
07-May-2025 12:37:00,97,0.187,33.34
07-May-2025 12:38:00,106,0.18,33.24
07-May-2025 12:39:00,101,0.249,33.11
07-May-2025 12:40:00,109,0.215,33.02
07-May-2025 12:41:00,101,0.2,32.89
07-May-2025 12:42:00,95,0.201,32.78
07-May-2025 12:43:00,96,0.191,32.68
07-May-2025 12:44:00,107,0.199,32.56
07-May-2025 12:45:00,103,0.222,32.44
07-May-2025 12:46:00,107,0.206,32.34
07-May-2025 12:47:00,104,0.2,32.29
07-May-2025 12:48:00,95,0.18,32.23
07-May-2025 12:49:00,103,0.019,32.02
07-May-2025 12:50:00,97,0.062,31.97
07-May-2025 12:51:00,90,0.02,31.85
07-May-2025 12:52:00,96,0.08,31.46
07-May-2025 12:53:00,99,0.05,31.37
07-May-2025 12:54:00,88,0.02,31.35
07-May-2025 12:55:00,97,0.174,31.25
07-May-2025 12:56:00,111,0.206,31.06
07-May-2025 12:57:00,109,0.213,30.73
07-May-2025 12:58:00,110,0.229,30.32
07-May-2025 12:59:00,110,0.21,29.93
07-May-2025 13:00:00,110,0.22,29.59
07-May-2025 13:01:00,104,0.225,29.31
07-May-2025 13:02:00,114,0.083,28.89
07-May-2025 13:03:00,110,0.204,28.59
07-May-2025 13:04:00,107,0.153,28.49
07-May-2025 13:05:00,137,0.159,28.45
07-May-2025 13:06:00,146,0.137,28.67
07-May-2025 13:07:00,112,0.028,29.11
07-May-2025 13:08:00,86,0.028,29.65
07-May-2025 13:09:00,88,0.006,30.06
07-May-2025 13:10:00,88,0.003,30.28
07-May-2025 13:11:00,90,0.053,30.59
07-May-2025 13:12:00,85,0.032,31.01
07-May-2025 13:13:00,86,0.011,31.37
07-May-2025 13:14:00,84,0.016,31.64
07-May-2025 13:15:00,85,0.049,31.89
07-May-2025 13:16:00,88,0.022,32.11
07-May-2025 13:17:00,83,0.018,32.22
07-May-2025 13:18:00,88,0.069,32.26
07-May-2025 13:19:00,102,0.15,32.38
07-May-2025 13:20:00,95,0.041,32.48
07-May-2025 13:21:00,91,0.031,32.51
07-May-2025 13:22:00,89,0.039,32.49
07-May-2025 13:23:00,93,0.035,32.47
07-May-2025 13:24:00,92,0.053,32.47
07-May-2025 13:25:00,84,0.025,32.5
07-May-2025 13:26:00,90,0.134,32.6
07-May-2025 13:27:00,80,0.057,32.61
07-May-2025 13:28:00,81,0.051,32.53
07-May-2025 13:29:00,81,0.025,32.42
07-May-2025 13:30:00,80,0.008,32.44
07-May-2025 13:31:00,83,0.013,32.54
07-May-2025 13:32:00,87,0.017,32.61
07-May-2025 13:33:00,86,0.015,32.69
07-May-2025 13:34:00,86,0.028,32.77
07-May-2025 13:35:00,81,0.01,32.84
07-May-2025 13:36:00,84,0.001,32.83
07-May-2025 13:37:00,91,0.011,32.79
07-May-2025 13:38:00,87,0.009,32.75
07-May-2025 13:39:00,82,0.004,32.7
07-May-2025 13:40:00,86,0.117,32.68
07-May-2025 13:41:00,84,0.025,32.69
07-May-2025 13:42:00,81,0.008,32.7
07-May-2025 13:43:00,84,0.03,32.68
07-May-2025 13:44:00,82,0.037,32.68
07-May-2025 13:45:00,85,0.018,32.71
07-May-2025 13:46:00,88,0.026,32.74
07-May-2025 13:47:00,85,0.01,32.92
07-May-2025 13:48:00,86,0.017,33.09
07-May-2025 13:49:00,86,0.044,33.14
07-May-2025 13:50:00,85,0.031,33.08
07-May-2025 13:51:00,81,0.007,33.1
07-May-2025 13:52:00,90,0.038,33.24
07-May-2025 13:53:00,80,0.024,33.29
07-May-2025 13:54:00,86,0.042,33.26
07-May-2025 13:55:00,85,0.014,33.24
07-May-2025 13:56:00,80,0.01,33.18
07-May-2025 13:57:00,84,0.036,33.14
07-May-2025 13:58:00,80,0.012,33.14
07-May-2025 13:59:00,79,0.024,33.08
07-May-2025 14:00:00,81,0.027,33
07-May-2025 14:01:00,81,0.013,33.05
07-May-2025 14:02:00,85,0.02,33.01
07-May-2025 14:03:00,79,0.014,33.03
07-May-2025 14:04:00,78,0.018,33
07-May-2025 14:05:00,80,0.024,33
07-May-2025 14:06:00,92,0.043,33.11
07-May-2025 14:07:00,91,0.088,33.1
07-May-2025 14:08:00,78,0.034,33.05
07-May-2025 14:09:00,75,0.016,32.96
07-May-2025 14:10:00,72,0.03,32.86
07-May-2025 14:11:00,75,0.01,32.77
07-May-2025 14:12:00,96,0.271,32.63
07-May-2025 14:13:00,90,0.031,32.49
07-May-2025 14:14:00,85,0.148,32.38
07-May-2025 14:15:00,84,0.032,32.13
07-May-2025 14:16:00,82,0.03,31.9
07-May-2025 14:17:00,77,0.208,31.77
07-May-2025 14:18:00,75,0.074,31.41
07-May-2025 14:19:00,80,0.039,31.42
07-May-2025 14:20:00,91,0.147,31.47
07-May-2025 14:21:00,84,0.046,31.5
07-May-2025 14:22:00,82,0.05,31.49
07-May-2025 14:23:00,82,0.027,31.57
07-May-2025 14:24:00,81,0.022,31.62
07-May-2025 14:25:00,77,0.001,31.54
07-May-2025 14:26:00,77,0.001,31.54
07-May-2025 14:27:00,82,0.021,31.53
07-May-2025 14:28:00,80,0.001,31.52
07-May-2025 14:29:00,80,0.025,31.52
07-May-2025 14:30:00,82,0.013,31.63
07-May-2025 14:31:00,81,0.003,31.68
07-May-2025 14:32:00,77,0.002,31.65
07-May-2025 14:33:00,77,0.002,31.64
07-May-2025 14:34:00,80,0.019,31.65
07-May-2025 14:35:00,77,0.075,31.71
07-May-2025 14:36:00,78,0.029,31.83
07-May-2025 14:37:00,79,0.016,31.94
07-May-2025 14:38:00,78,0.035,31.94
07-May-2025 14:39:00,75,0.015,32.01
07-May-2025 14:40:00,79,0.016,31.94
07-May-2025 14:41:00,86,0.063,31.99
07-May-2025 14:42:00,95,0.092,31.98
07-May-2025 14:43:00,86,0.023,31.91
07-May-2025 14:44:00,91,0.005,31.83
07-May-2025 14:45:00,89,0.009,31.71
07-May-2025 14:46:00,93,0.006,31.64
07-May-2025 14:47:00,90,0.01,31.59
07-May-2025 14:48:00,88,0.008,31.53
07-May-2025 14:49:00,80,0.013,31.51
07-May-2025 14:50:00,78,0.013,31.51
07-May-2025 14:51:00,75,0.013,31.53
07-May-2025 14:52:00,76,0.021,31.54
07-May-2025 14:53:00,98,0.122,31.55
07-May-2025 14:54:00,91,0.02,31.49
07-May-2025 14:55:00,79,0.011,31.45
07-May-2025 14:56:00,80,0.011,31.46
07-May-2025 14:57:00,77,0.016,31.46
07-May-2025 14:58:00,79,0.013,31.46
07-May-2025 14:59:00,78,0.017,31.48
07-May-2025 15:00:00,79,0.018,31.51
07-May-2025 15:01:00,83,0.03,31.5
07-May-2025 15:02:00,75,0.012,31.41
07-May-2025 15:03:00,75,0.006,31.34
07-May-2025 15:04:00,77,0.014,31.34
07-May-2025 15:05:00,79,0.013,31.36
07-May-2025 15:06:00,76,0.016,31.38
07-May-2025 15:07:00,65,0.021,31.39
07-May-2025 15:08:00,74,0.025,31.39
07-May-2025 15:09:00,87,0.015,31.37
07-May-2025 15:10:00,85,0.008,31.38
07-May-2025 15:11:00,84,0.01,31.41
07-May-2025 15:12:00,83,0.01,31.43
07-May-2025 15:13:00,84,0.011,31.43
07-May-2025 15:14:00,83,0.017,31.44
07-May-2025 15:15:00,83,0.015,31.46
07-May-2025 15:16:00,79,0.009,31.55
07-May-2025 15:17:00,82,0.02,31.59
07-May-2025 15:18:00,86,0.035,31.6
07-May-2025 15:19:00,87,0.025,31.61
07-May-2025 15:20:00,83,0.024,31.62
07-May-2025 15:21:00,82,0.023,31.62
07-May-2025 15:22:00,80,0.022,31.62
07-May-2025 15:23:00,82,0.023,31.6
07-May-2025 15:24:00,83,0.013,31.59
07-May-2025 15:25:00,92,0.035,31.58
07-May-2025 15:26:00,86,0.027,31.63
07-May-2025 15:27:00,81,0.007,31.69
07-May-2025 15:28:00,77,0.009,31.72
07-May-2025 15:29:00,81,0.013,31.76
07-May-2025 15:30:00,84,0.005,31.79
07-May-2025 15:31:00,81,0.006,31.8
07-May-2025 15:32:00,81,0.01,31.76
07-May-2025 15:33:00,80,0.016,31.74
07-May-2025 15:34:00,82,0.013,31.77
07-May-2025 15:35:00,82,0.024,31.79
07-May-2025 15:36:00,81,0.023,31.84
07-May-2025 15:37:00,78,0.023,31.86
07-May-2025 15:38:00,73,0.016,31.88
07-May-2025 15:39:00,79,0.032,31.9
07-May-2025 15:40:00,75,0.018,31.98
07-May-2025 15:41:00,75,0.008,32.01
07-May-2025 15:42:00,83,0.029,32.03
07-May-2025 15:43:00,76,0.039,32.01
07-May-2025 15:44:00,78,0.077,31.96
07-May-2025 15:45:00,80,0.023,31.94
07-May-2025 15:46:00,78,0.019,31.88
07-May-2025 15:47:00,77,0.01,31.84
07-May-2025 15:48:00,80,0.014,31.83
07-May-2025 15:49:00,71,0.01,31.81
07-May-2025 15:50:00,74,0.003,31.78
07-May-2025 15:51:00,80,0.017,31.77
07-May-2025 15:52:00,96,0.022,31.76
07-May-2025 15:53:00,78,0.003,31.71
07-May-2025 15:54:00,71,0.048,31.69
07-May-2025 15:55:00,80,0.047,31.65
07-May-2025 15:56:00,82,0.014,31.67
07-May-2025 15:57:00,81,0.015,31.7
07-May-2025 15:58:00,77,0.042,31.73
07-May-2025 15:59:00,82,0.033,31.79
07-May-2025 16:00:00,89,0.054,31.8
07-May-2025 16:01:00,86,0.006,31.83
07-May-2025 16:02:00,94,0.017,31.94
07-May-2025 16:03:00,95,0.027,32.1
07-May-2025 16:04:00,87,0.013,32.15
07-May-2025 16:05:00,88,0.079,32.21
07-May-2025 16:06:00,78,0.014,32.19
07-May-2025 16:07:00,78,0.017,32.11
07-May-2025 16:08:00,78,0.013,32.03
07-May-2025 16:09:00,82,0.02,31.91
07-May-2025 16:10:00,86,0.023,31.82
07-May-2025 16:11:00,82,0.02,31.75
07-May-2025 16:12:00,80,0.009,31.65
07-May-2025 16:13:00,83,0.021,31.6
07-May-2025 16:14:00,84,0.106,31.58
07-May-2025 16:15:00,93,0.193,31.48
07-May-2025 16:16:00,63,0.013,31.12
07-May-2025 16:17:00,35,0.04,31.01
07-May-2025 16:18:00,NaN,0.077,31.18
07-May-2025 16:19:00,59,0.291,31.21
07-May-2025 16:20:00,102,0.255,30.88
07-May-2025 16:21:00,111,0.123,30.47
07-May-2025 16:22:00,92,0.24,30.09
07-May-2025 16:23:00,97,0.203,29.84
07-May-2025 16:24:00,NaN,0.126,29.69
07-May-2025 16:25:00,75,0.02,29.82
07-May-2025 16:26:00,71,0.073,30.07
07-May-2025 16:27:00,89,0.065,30.39
07-May-2025 16:28:00,98,0.011,30.62
07-May-2025 16:29:00,92,0.195,30.78
07-May-2025 16:30:00,94,0.273,30.9
07-May-2025 16:31:00,92,0.114,30.94
07-May-2025 16:32:00,86,0.088,31.02
07-May-2025 16:33:00,86,0.05,31.09
07-May-2025 16:34:00,76,0.003,31.08
07-May-2025 16:35:00,83,0.029,31.06
07-May-2025 16:36:00,87,0.029,31.1
07-May-2025 16:37:00,88,0.027,31.24
07-May-2025 16:38:00,87,0.042,31.32
07-May-2025 16:39:00,95,0.063,31.39
07-May-2025 16:40:00,104,0.258,31.42
07-May-2025 16:41:00,119,0.241,31.38
07-May-2025 16:42:00,107,0.231,31.25
07-May-2025 16:43:00,107,0.211,31.08
07-May-2025 16:44:00,112,0.205,30.91
07-May-2025 16:45:00,118,0.255,30.75
07-May-2025 16:46:00,114,0.147,30.67
07-May-2025 16:47:00,103,0.111,30.48
07-May-2025 16:48:00,87,0.085,30.34
07-May-2025 16:49:00,78,0.063,30.26
07-May-2025 16:50:00,82,0.033,30.03
07-May-2025 16:51:00,79,0.062,29.83
07-May-2025 16:52:00,99,0.014,29.83
07-May-2025 16:53:00,89,0.023,29.91
07-May-2025 16:54:00,100,0.024,30.14
07-May-2025 16:55:00,100,0.034,30.39
07-May-2025 16:56:00,100,0.031,30.5
07-May-2025 16:57:00,99,0.036,30.6
07-May-2025 16:58:00,82,0.025,30.71
07-May-2025 16:59:00,95,0.014,30.88
07-May-2025 17:00:00,86,0.037,31.03
07-May-2025 17:01:00,88,0.011,31.22
07-May-2025 17:02:00,86,0.007,31.38
07-May-2025 17:03:00,85,0.015,31.57
07-May-2025 17:04:00,75,0.005,31.73
07-May-2025 17:05:00,65,0.049,31.87
07-May-2025 17:06:00,56,0.007,31.98
07-May-2025 17:07:00,76,0.009,32.09
07-May-2025 17:08:00,83,0.03,32.24
07-May-2025 17:09:00,89,0.021,32.37
07-May-2025 17:10:00,90,0.021,32.43
07-May-2025 17:11:00,101,0.015,32.56
07-May-2025 17:12:00,96,0.008,32.81
07-May-2025 17:13:00,87,0.036,32.94
07-May-2025 17:14:00,88,0.012,32.94
07-May-2025 17:15:00,85,0.008,32.92
07-May-2025 17:16:00,87,0.008,32.93
07-May-2025 17:17:00,90,0.025,32.96
07-May-2025 17:18:00,70,0.012,32.97
07-May-2025 17:19:00,83,0.018,32.99
07-May-2025 17:20:00,80,0.029,33.06
07-May-2025 17:21:00,94,0.012,33.1
07-May-2025 17:22:00,97,0.024,33.14
07-May-2025 17:23:00,93,0.028,33.08
07-May-2025 17:24:00,93,0.012,33
07-May-2025 17:25:00,88,0.003,33
07-May-2025 17:26:00,92,0.034,33.04
07-May-2025 17:27:00,93,0.034,33.06
07-May-2025 17:28:00,88,0.035,33.08
07-May-2025 17:29:00,87,0.015,33.1
07-May-2025 17:30:00,81,0.017,33.05
07-May-2025 17:31:00,95,0.022,33.01
07-May-2025 17:32:00,93,0.013,32.94
07-May-2025 17:33:00,91,0.049,32.82
07-May-2025 17:34:00,90,0.008,32.73
07-May-2025 17:35:00,106,0.014,32.71
07-May-2025 17:36:00,97,0.012,32.69
07-May-2025 17:37:00,93,0.025,32.71
07-May-2025 17:38:00,96,0.022,32.7
07-May-2025 17:39:00,94,0.006,32.68
07-May-2025 17:40:00,95,0.005,32.69
07-May-2025 17:41:00,95,0.01,32.72
07-May-2025 17:42:00,104,0.028,32.77
07-May-2025 17:43:00,105,0.045,32.81
07-May-2025 17:44:00,100,0.011,32.81
07-May-2025 17:45:00,95,0.006,32.81
07-May-2025 17:46:00,95,0.009,32.85
07-May-2025 17:47:00,98,0.015,32.9
07-May-2025 17:48:00,95,0.062,32.89
07-May-2025 17:49:00,98,0.052,32.7
07-May-2025 17:50:00,103,0.057,32.46
07-May-2025 17:51:00,92,0.014,32.33
07-May-2025 17:52:00,104,0.05,32.28
07-May-2025 17:53:00,109,0.026,32.22
07-May-2025 17:54:00,101,0.008,32.18
07-May-2025 17:55:00,95,0.026,32.18
07-May-2025 17:56:00,97,0.04,32.13
07-May-2025 17:57:00,96,0.016,32.12
07-May-2025 17:58:00,97,0.031,32.09
07-May-2025 17:59:00,83,0.033,32.03
07-May-2025 18:00:00,86,0.019,31.98
07-May-2025 18:01:00,88,0.022,31.87
07-May-2025 18:02:00,95,0.035,31.69
07-May-2025 18:03:00,97,0.024,31.5
07-May-2025 18:04:00,96,0.025,31.32
07-May-2025 18:05:00,98,0.02,31.07
07-May-2025 18:06:00,100,0.01,30.83
07-May-2025 18:07:00,100,0.037,30.68
07-May-2025 18:08:00,98,0.008,30.54
07-May-2025 18:09:00,97,0.021,30.45
07-May-2025 18:10:00,102,0.007,30.39
07-May-2025 18:11:00,65,0.01,30.34
07-May-2025 18:12:00,61,0.013,30.4
07-May-2025 18:13:00,97,0.033,30.42
07-May-2025 18:14:00,105,0.041,30.29
07-May-2025 18:15:00,81,0.037,30.25
07-May-2025 18:16:00,48,0.14,30.2
07-May-2025 18:17:00,88,0.343,30.06
07-May-2025 18:18:00,110,0.41,29.71
07-May-2025 18:19:00,124,0.396,29.27
07-May-2025 18:20:00,108,0.433,28.85
07-May-2025 18:21:00,114,0.297,28.48
07-May-2025 18:22:00,113,0.091,28.31
07-May-2025 18:23:00,95,0.031,28.31
07-May-2025 18:24:00,94,0.021,28.3
07-May-2025 18:25:00,84,0.014,28.3
07-May-2025 18:26:00,89,0.023,28.27
07-May-2025 18:27:00,79,0.013,28.22
07-May-2025 18:28:00,88,0.024,28.18
07-May-2025 18:29:00,84,0.034,28.17
07-May-2025 18:30:00,88,0.071,28.16
07-May-2025 18:31:00,84,0.022,28.11
07-May-2025 18:32:00,82,0.007,28.07
07-May-2025 18:33:00,83,0.017,28.04
07-May-2025 18:34:00,84,0.071,28.11
07-May-2025 18:35:00,86,0.031,28.2
07-May-2025 18:36:00,82,0.035,28.21
07-May-2025 18:37:00,81,0.068,28.24
07-May-2025 18:38:00,84,0.042,28.24
07-May-2025 18:39:00,88,0.019,28.26
07-May-2025 18:40:00,81,0.031,28.33
07-May-2025 18:41:00,81,0.026,28.36
07-May-2025 18:42:00,83,0.024,28.38
07-May-2025 18:43:00,83,0.041,28.4
07-May-2025 18:44:00,90,0.018,28.45
07-May-2025 18:45:00,85,0.036,28.5
07-May-2025 18:46:00,88,0.144,28.55
07-May-2025 18:47:00,87,0.129,28.37
07-May-2025 18:48:00,86,0.128,28.19
07-May-2025 18:49:00,92,0.169,28.12
07-May-2025 18:50:00,98,0.032,28.14
07-May-2025 18:51:00,89,0.046,28.18
07-May-2025 18:52:00,86,0.042,28.27
07-May-2025 18:53:00,85,0.034,28.37
07-May-2025 18:54:00,82,0.029,28.45
07-May-2025 18:55:00,90,0.03,28.48
07-May-2025 18:56:00,82,0.028,28.55
07-May-2025 18:57:00,85,0.045,28.66
07-May-2025 18:58:00,93,0.097,28.8
07-May-2025 18:59:00,90,0.197,28.75
07-May-2025 19:00:00,87,0.015,28.45
07-May-2025 19:01:00,92,0.131,27.98
07-May-2025 19:02:00,88,0.009,27.56
07-May-2025 19:03:00,94,0.186,27.22
07-May-2025 19:04:00,83,0.051,27.15
07-May-2025 19:05:00,82,0.043,27.23
07-May-2025 19:06:00,84,0.033,27.38
07-May-2025 19:07:00,77,0.044,27.65
07-May-2025 19:08:00,73,0.036,27.98
07-May-2025 19:09:00,81,0.044,28.36
07-May-2025 19:10:00,78,0.061,28.58
07-May-2025 19:11:00,76,0.016,28.73
07-May-2025 19:12:00,76,0.022,28.8
07-May-2025 19:13:00,77,0.024,28.84
07-May-2025 19:14:00,81,0.041,28.93
07-May-2025 19:15:00,77,0.037,29.16
07-May-2025 19:16:00,77,0.034,29.46
07-May-2025 19:17:00,80,0.021,29.77
07-May-2025 19:18:00,83,0.054,29.81
07-May-2025 19:19:00,80,0.111,29.93
07-May-2025 19:20:00,87,0.198,30.01
07-May-2025 19:21:00,84,0.097,30.05
07-May-2025 19:22:00,67,0.121,30.1
07-May-2025 19:23:00,52,0.134,30.18
07-May-2025 19:24:00,53,0.155,30.21
07-May-2025 19:25:00,86,0.109,30.2
07-May-2025 19:26:00,97,0.088,30.19
07-May-2025 19:27:00,100,0.116,30.17
07-May-2025 19:28:00,101,0.083,30.12
07-May-2025 19:29:00,100,0.127,29.99
07-May-2025 19:30:00,96,0.133,29.88
07-May-2025 19:31:00,99,0.098,29.79
07-May-2025 19:32:00,99,0.057,29.69
07-May-2025 19:33:00,96,0.108,29.64
07-May-2025 19:34:00,108,0.161,29.6
07-May-2025 19:35:00,121,0.163,29.52
07-May-2025 19:36:00,116,0.189,29.6
07-May-2025 19:37:00,115,0.109,29.75
07-May-2025 19:38:00,110,0.176,29.79
07-May-2025 19:39:00,90,0.055,29.86
07-May-2025 19:40:00,84,0.042,29.92
07-May-2025 19:41:00,74,0.098,29.92
07-May-2025 19:42:00,91,0.155,29.96
07-May-2025 19:43:00,93,0.123,30.04
07-May-2025 19:44:00,87,0.091,30.18
07-May-2025 19:45:00,74,0.134,30.3
07-May-2025 19:46:00,72,0.002,30.01
07-May-2025 19:47:00,78,0.012,30.11
07-May-2025 19:48:00,73,0.005,30.57
07-May-2025 19:49:00,84,0.113,30.95
07-May-2025 19:50:00,89,0.116,31.23
07-May-2025 19:51:00,76,0.104,31.36
07-May-2025 19:52:00,47,0.105,31.47
07-May-2025 19:53:00,49,0.1,31.67
07-May-2025 19:54:00,57,0.13,31.71
07-May-2025 19:55:00,65,0.138,31.73
07-May-2025 19:56:00,84,0.092,31.81
07-May-2025 19:57:00,105,0.102,31.88
07-May-2025 19:58:00,103,0.079,31.86
07-May-2025 19:59:00,110,0.104,31.9
07-May-2025 20:00:00,106,0.092,31.85
07-May-2025 20:01:00,108,0.125,31.68
07-May-2025 20:02:00,105,0.086,31.51
07-May-2025 20:03:00,95,0.072,31.44
07-May-2025 20:04:00,99,0.09,31.39
07-May-2025 20:05:00,87,0.133,31.46
07-May-2025 20:06:00,88,0.076,31.39
07-May-2025 20:07:00,92,0.095,31.4
07-May-2025 20:08:00,90,0.067,31.33
07-May-2025 20:09:00,96,0.112,31.39
07-May-2025 20:10:00,98,0.055,31.37
07-May-2025 20:11:00,101,0.1,31.3
07-May-2025 20:12:00,96,0.086,31.25
07-May-2025 20:13:00,100,0.091,31.2
07-May-2025 20:14:00,104,0.114,31.14
07-May-2025 20:15:00,99,0.143,31.05
07-May-2025 20:16:00,110,0.096,30.96
07-May-2025 20:17:00,100,0.097,31.01
07-May-2025 20:18:00,95,0.103,31.06
07-May-2025 20:19:00,106,0.09,31.1
07-May-2025 20:20:00,107,0.099,31.08
07-May-2025 20:21:00,99,0.099,31.17
07-May-2025 20:22:00,107,0.07,31.17
07-May-2025 20:23:00,NaN,NaN,NaN
07-May-2025 20:24:00,NaN,NaN,NaN
07-May-2025 20:25:00,NaN,NaN,NaN
07-May-2025 20:26:00,NaN,NaN,NaN
07-May-2025 20:27:00,NaN,NaN,NaN
07-May-2025 20:28:00,NaN,NaN,NaN
07-May-2025 20:29:00,NaN,NaN,NaN
07-May-2025 20:30:00,NaN,NaN,NaN
07-May-2025 20:31:00,NaN,NaN,NaN
07-May-2025 20:32:00,NaN,NaN,NaN
07-May-2025 20:33:00,NaN,NaN,NaN
07-May-2025 20:34:00,NaN,NaN,NaN
07-May-2025 20:35:00,NaN,NaN,NaN
07-May-2025 20:36:00,NaN,NaN,NaN
07-May-2025 20:37:00,NaN,NaN,NaN
07-May-2025 20:38:00,NaN,NaN,NaN
07-May-2025 20:39:00,NaN,NaN,NaN
07-May-2025 20:40:00,NaN,NaN,NaN
07-May-2025 20:41:00,NaN,NaN,NaN
07-May-2025 20:42:00,NaN,NaN,NaN
07-May-2025 20:43:00,NaN,NaN,NaN
07-May-2025 20:44:00,NaN,NaN,NaN
07-May-2025 20:45:00,NaN,NaN,NaN
07-May-2025 20:46:00,NaN,NaN,NaN
07-May-2025 20:47:00,NaN,NaN,NaN
07-May-2025 20:48:00,NaN,NaN,NaN
07-May-2025 20:49:00,NaN,NaN,NaN
07-May-2025 20:50:00,NaN,NaN,NaN
07-May-2025 20:51:00,NaN,NaN,NaN
07-May-2025 20:52:00,NaN,NaN,NaN
07-May-2025 20:53:00,NaN,NaN,NaN
07-May-2025 20:54:00,NaN,NaN,NaN
07-May-2025 20:55:00,NaN,NaN,NaN
07-May-2025 20:56:00,NaN,NaN,NaN
07-May-2025 20:57:00,NaN,NaN,NaN
07-May-2025 20:58:00,NaN,NaN,NaN
07-May-2025 20:59:00,NaN,NaN,NaN
07-May-2025 21:00:00,NaN,NaN,NaN
07-May-2025 21:01:00,NaN,NaN,NaN
07-May-2025 21:02:00,NaN,NaN,NaN
07-May-2025 21:03:00,NaN,NaN,NaN
07-May-2025 21:04:00,NaN,NaN,NaN
07-May-2025 21:05:00,NaN,NaN,NaN
07-May-2025 21:06:00,NaN,NaN,NaN
07-May-2025 21:07:00,NaN,NaN,NaN
07-May-2025 21:08:00,NaN,NaN,NaN
07-May-2025 21:09:00,NaN,NaN,NaN
07-May-2025 21:10:00,NaN,NaN,NaN
07-May-2025 21:11:00,NaN,NaN,NaN
07-May-2025 21:12:00,NaN,0.226,24.98
07-May-2025 21:13:00,70,0.038,27.72
07-May-2025 21:14:00,101,0.032,29.22
07-May-2025 21:15:00,78,0.091,30.15
07-May-2025 21:16:00,88,0.17,30.79
07-May-2025 21:17:00,87,0.215,31.2
07-May-2025 21:18:00,90,0.187,31.52
07-May-2025 21:19:00,87,0.172,31.63
07-May-2025 21:20:00,90,0.217,31.76
07-May-2025 21:21:00,88,0.149,31.8
07-May-2025 21:22:00,96,0.106,31.75
07-May-2025 21:23:00,93,0.2,31.7
07-May-2025 21:24:00,94,0.133,31.6
07-May-2025 21:25:00,91,0.058,31.56
07-May-2025 21:26:00,101,0.056,31.63
07-May-2025 21:27:00,100,0.079,31.73
07-May-2025 21:28:00,102,0.069,31.8
07-May-2025 21:29:00,112,0.117,31.86
07-May-2025 21:30:00,89,0.028,31.88
07-May-2025 21:31:00,100,0.011,31.97
07-May-2025 21:32:00,98,0.01,32.08
07-May-2025 21:33:00,95,0.024,32.24
07-May-2025 21:34:00,94,0.023,32.34
07-May-2025 21:35:00,93,0.007,32.43
07-May-2025 21:36:00,96,0.06,32.57
07-May-2025 21:37:00,103,0.096,32.62
07-May-2025 21:38:00,89,0.096,32.58
07-May-2025 21:39:00,93,0.137,32.39
07-May-2025 21:40:00,69,0.117,32.17
07-May-2025 21:41:00,79,0.108,32
07-May-2025 21:42:00,82,0.178,31.9
07-May-2025 21:43:00,71,0.177,31.91
07-May-2025 21:44:00,88,0.173,31.87
07-May-2025 21:45:00,95,0.173,31.91
07-May-2025 21:46:00,102,0.175,31.94
07-May-2025 21:47:00,108,0.092,31.87
07-May-2025 21:48:00,91,0.093,31.75
07-May-2025 21:49:00,90,0.244,31.67
07-May-2025 21:50:00,76,0.14,31.66
07-May-2025 21:51:00,67,0.178,31.57
07-May-2025 21:52:00,62,0.166,31.36
07-May-2025 21:53:00,83,0.191,31.19
07-May-2025 21:54:00,96,0.2,31.05
07-May-2025 21:55:00,97,0.117,31.02
07-May-2025 21:56:00,85,0.127,30.89
07-May-2025 21:57:00,91,0.102,30.8
07-May-2025 21:58:00,68,0.074,30.83
07-May-2025 21:59:00,69,0.122,30.96
07-May-2025 22:00:00,56,0.104,31.07
07-May-2025 22:01:00,60,0.14,31.23
07-May-2025 22:02:00,64,0.147,31.49
07-May-2025 22:03:00,74,0.169,31.72
07-May-2025 22:04:00,59,0.183,31.89
07-May-2025 22:05:00,55,0.178,31.97
07-May-2025 22:06:00,60,0.153,32.03
07-May-2025 22:07:00,60,0.128,32.13
07-May-2025 22:08:00,61,0.078,32.17
07-May-2025 22:09:00,59,0.101,32.29
07-May-2025 22:10:00,65,0.147,32.37
07-May-2025 22:11:00,61,0.103,32.45
07-May-2025 22:12:00,77,0.026,32.47
07-May-2025 22:13:00,99,0.029,32.46
07-May-2025 22:14:00,99,0.149,32.39
07-May-2025 22:15:00,96,0.077,32.28
07-May-2025 22:16:00,92,0.058,32.26
07-May-2025 22:17:00,81,0.079,32.32
07-May-2025 22:18:00,81,0.067,32.34
07-May-2025 22:19:00,80,0.025,32.38
07-May-2025 22:20:00,81,0.056,32.42
07-May-2025 22:21:00,76,0.046,32.52
07-May-2025 22:22:00,83,0.068,32.53
07-May-2025 22:23:00,77,0.013,32.47
07-May-2025 22:24:00,76,0.03,32.42
07-May-2025 22:25:00,77,0.009,32.4
07-May-2025 22:26:00,79,0.019,32.55
07-May-2025 22:27:00,77,0.007,32.66
07-May-2025 22:28:00,78,0.004,32.72
07-May-2025 22:29:00,79,0.003,32.79
07-May-2025 22:30:00,79,0.005,32.92
07-May-2025 22:31:00,84,0.018,32.96
07-May-2025 22:32:00,83,0.013,32.98
07-May-2025 22:33:00,82,0.055,32.96
07-May-2025 22:34:00,80,0.005,32.98
07-May-2025 22:35:00,81,0.007,32.91
07-May-2025 22:36:00,80,0.003,32.85
07-May-2025 22:37:00,81,0.004,32.8
07-May-2025 22:38:00,79,0.003,32.74
07-May-2025 22:39:00,81,0.003,32.69
07-May-2025 22:40:00,79,0.027,32.65
07-May-2025 22:41:00,73,0.042,32.68
07-May-2025 22:42:00,77,0.002,32.78
07-May-2025 22:43:00,80,0.017,32.86
07-May-2025 22:44:00,77,0.049,32.84
07-May-2025 22:45:00,86,0.007,32.88
07-May-2025 22:46:00,88,0.005,32.96
07-May-2025 22:47:00,82,0.027,32.96
07-May-2025 22:48:00,87,0.019,32.94
07-May-2025 22:49:00,84,0.019,32.85
07-May-2025 22:50:00,81,0.018,32.86
07-May-2025 22:51:00,81,0.014,32.85
07-May-2025 22:52:00,84,0.035,32.85
07-May-2025 22:53:00,87,0.052,32.85
07-May-2025 22:54:00,82,0.036,32.82
07-May-2025 22:55:00,80,0.012,32.83
07-May-2025 22:56:00,83,0.027,32.82
07-May-2025 22:57:00,86,0.015,32.74
07-May-2025 22:58:00,80,0.012,32.76
07-May-2025 22:59:00,80,0.01,32.77
07-May-2025 23:00:00,80,0.004,32.78
07-May-2025 23:01:00,81,0.004,32.83
07-May-2025 23:02:00,80,0.006,32.93
07-May-2025 23:03:00,79,0.003,32.97
07-May-2025 23:04:00,86,0.017,33.03
07-May-2025 23:05:00,80,0.008,32.97
07-May-2025 23:06:00,83,0.001,32.94
07-May-2025 23:07:00,81,0.009,32.91
07-May-2025 23:08:00,80,0.003,32.93
07-May-2025 23:09:00,80,0.018,32.9
07-May-2025 23:10:00,78,0.026,32.89
07-May-2025 23:11:00,74,0.003,32.88
07-May-2025 23:12:00,76,0.007,32.82
07-May-2025 23:13:00,73,0.001,32.81
07-May-2025 23:14:00,76,0.007,32.78
07-May-2025 23:15:00,82,0.03,32.79
07-May-2025 23:16:00,91,0.063,32.81
07-May-2025 23:17:00,90,0.082,32.78
07-May-2025 23:18:00,92,0.118,32.7
07-May-2025 23:19:00,79,0.047,32.59
07-May-2025 23:20:00,76,0.006,32.51
07-May-2025 23:21:00,76,0.052,32.45
07-May-2025 23:22:00,80,0.018,32.43
07-May-2025 23:23:00,75,0.008,32.42
07-May-2025 23:24:00,74,0.018,32.41
07-May-2025 23:25:00,79,0.025,32.45
07-May-2025 23:26:00,76,0.018,32.52
07-May-2025 23:27:00,74,0.003,32.68
07-May-2025 23:28:00,77,0.004,32.81
07-May-2025 23:29:00,74,0.002,32.93
07-May-2025 23:30:00,76,0.014,33.01
07-May-2025 23:31:00,78,0.013,33.08
07-May-2025 23:32:00,74,0.002,33.09
07-May-2025 23:33:00,81,0.038,33.03
07-May-2025 23:34:00,102,0.129,32.91
07-May-2025 23:35:00,106,0.088,32.73
07-May-2025 23:36:00,97,0.087,32.57
07-May-2025 23:37:00,104,0.124,32.4
07-May-2025 23:38:00,111,0.155,32.25
07-May-2025 23:39:00,109,0.134,32.15
07-May-2025 23:40:00,94,0.015,32.12
07-May-2025 23:41:00,82,0.014,32.23
07-May-2025 23:42:00,75,0.023,32.32
07-May-2025 23:43:00,84,0.099,32.4
07-May-2025 23:44:00,77,0.007,32.44
07-May-2025 23:45:00,72,0.02,32.51
07-May-2025 23:46:00,73,0.006,32.59
07-May-2025 23:47:00,72,0.007,32.71
07-May-2025 23:48:00,78,0.025,32.8
07-May-2025 23:49:00,74,0.002,32.97
07-May-2025 23:50:00,74,0.007,33.08
07-May-2025 23:51:00,80,0.024,33.21
07-May-2025 23:52:00,80,0.018,33.34
07-May-2025 23:53:00,75,0.001,33.45
07-May-2025 23:54:00,77,0.001,33.53
07-May-2025 23:55:00,78,0.002,33.62
07-May-2025 23:56:00,78,0.002,33.7
07-May-2025 23:57:00,78,0.001,33.81
07-May-2025 23:58:00,78,0.009,33.92
07-May-2025 23:59:00,80,0.021,34.06
08-May-2025 00:00:00,77,0.007,34.23
08-May-2025 00:01:00,80,0.011,34.29
08-May-2025 00:02:00,79,0.004,34.34
08-May-2025 00:03:00,79,0.001,34.42
08-May-2025 00:04:00,77,0.001,34.48
08-May-2025 00:05:00,79,0.001,34.53
08-May-2025 00:06:00,80,0.001,34.59
08-May-2025 00:07:00,80,0.001,34.63
08-May-2025 00:08:00,80,0.001,34.67
08-May-2025 00:09:00,81,0.001,34.71
08-May-2025 00:10:00,81,0.001,34.75
08-May-2025 00:11:00,81,0.001,34.79
08-May-2025 00:12:00,81,0.001,34.83
08-May-2025 00:13:00,82,0.001,34.86
08-May-2025 00:14:00,82,0.001,34.9
08-May-2025 00:15:00,80,0.022,34.92
08-May-2025 00:16:00,96,0.059,34.91
08-May-2025 00:17:00,75,0.001,34.77
08-May-2025 00:18:00,77,0.001,34.62
08-May-2025 00:19:00,78,0.001,34.53
08-May-2025 00:20:00,79,0.001,34.5
08-May-2025 00:21:00,77,0.001,34.49
08-May-2025 00:22:00,79,0.001,34.51
08-May-2025 00:23:00,79,0.001,34.54
08-May-2025 00:24:00,79,0.001,34.58
08-May-2025 00:25:00,79,0.001,34.62
08-May-2025 00:26:00,80,0.001,34.67
08-May-2025 00:27:00,79,0.001,34.72
08-May-2025 00:28:00,79,0.001,34.77
08-May-2025 00:29:00,78,0.001,34.81
08-May-2025 00:30:00,79,0.001,34.86
08-May-2025 00:31:00,79,0.001,34.9
08-May-2025 00:32:00,78,0.001,34.94
08-May-2025 00:33:00,78,0.001,34.99
08-May-2025 00:34:00,78,0.001,35.03
08-May-2025 00:35:00,79,0.001,35.08
08-May-2025 00:36:00,78,0.001,35.12
08-May-2025 00:37:00,79,0.001,35.18
08-May-2025 00:38:00,76,0.001,35.22
08-May-2025 00:39:00,78,0.001,35.27
08-May-2025 00:40:00,78,0.001,35.32
08-May-2025 00:41:00,78,0.001,35.36
08-May-2025 00:42:00,77,0.001,35.4
08-May-2025 00:43:00,78,0.001,35.44
08-May-2025 00:44:00,77,0.001,35.47
08-May-2025 00:45:00,78,0.001,35.5
08-May-2025 00:46:00,77,0.001,35.53
08-May-2025 00:47:00,78,0.001,35.56
08-May-2025 00:48:00,78,0.001,35.59
08-May-2025 00:49:00,78,0.001,35.61
08-May-2025 00:50:00,78,0.001,35.64
08-May-2025 00:51:00,81,0.014,35.65
08-May-2025 00:52:00,84,0.042,35.54
08-May-2025 00:53:00,73,0.007,35.24
08-May-2025 00:54:00,73,0.006,34.88
08-May-2025 00:55:00,72,0.001,34.5
08-May-2025 00:56:00,73,0.001,34.2
08-May-2025 00:57:00,70,0.001,33.94
08-May-2025 00:58:00,72,0.001,33.73
08-May-2025 00:59:00,73,0.001,33.56
08-May-2025 01:00:00,73,0.001,33.43
08-May-2025 01:01:00,72,0.001,33.3
08-May-2025 01:02:00,73,0.001,33.19
08-May-2025 01:03:00,73,0.001,33.09
08-May-2025 01:04:00,74,0.001,32.99
08-May-2025 01:05:00,74,0.001,32.91
08-May-2025 01:06:00,74,0.001,32.84
08-May-2025 01:07:00,74,0.001,32.77
08-May-2025 01:08:00,75,0.001,32.72
08-May-2025 01:09:00,74,0.001,32.66
08-May-2025 01:10:00,75,0.001,32.6
08-May-2025 01:11:00,74,0.001,32.54
08-May-2025 01:12:00,74,0.001,32.49
08-May-2025 01:13:00,74,0.001,32.45
08-May-2025 01:14:00,77,0.003,32.42
08-May-2025 01:15:00,72,0.004,32.37
08-May-2025 01:16:00,72,0.001,32.31
08-May-2025 01:17:00,73,0.001,32.27
08-May-2025 01:18:00,74,0.001,32.23
08-May-2025 01:19:00,73,0.001,32.19
08-May-2025 01:20:00,73,0.001,32.15
08-May-2025 01:21:00,71,0.001,32.07
08-May-2025 01:22:00,71,0.001,32.01
08-May-2025 01:23:00,73,0.001,31.96
08-May-2025 01:24:00,73,0.001,31.94
08-May-2025 01:25:00,73,0.001,31.9
08-May-2025 01:26:00,73,0.001,31.86
08-May-2025 01:27:00,73,0.001,31.81
08-May-2025 01:28:00,73,0.001,31.77
08-May-2025 01:29:00,73,0.001,31.72
08-May-2025 01:30:00,73,0.001,31.68
08-May-2025 01:31:00,76,0.002,31.64
08-May-2025 01:32:00,70,0.028,31.6
08-May-2025 01:33:00,71,0.001,31.6
08-May-2025 01:34:00,73,0.001,31.69
08-May-2025 01:35:00,75,0.001,31.79
08-May-2025 01:36:00,79,0.001,31.88
08-May-2025 01:37:00,81,0.001,31.96
08-May-2025 01:38:00,78,0.001,32.03
08-May-2025 01:39:00,78,0.001,32.1
08-May-2025 01:40:00,77,0.001,32.15
08-May-2025 01:41:00,78,0.001,32.2
08-May-2025 01:42:00,77,0.009,32.25
08-May-2025 01:43:00,76,0.008,32.28
08-May-2025 01:44:00,72,0.001,32.23
08-May-2025 01:45:00,72,0.001,32.16
08-May-2025 01:46:00,70,0.001,32.07
08-May-2025 01:47:00,76,0.001,31.99
08-May-2025 01:48:00,76,0.001,31.9
08-May-2025 01:49:00,74,0.001,31.82
08-May-2025 01:50:00,73,0.001,31.75
08-May-2025 01:51:00,73,0.003,31.69
08-May-2025 01:52:00,72,0.02,31.67
08-May-2025 01:53:00,67,0.001,31.77
08-May-2025 01:54:00,69,0.001,31.87
08-May-2025 01:55:00,68,0.001,32.01
08-May-2025 01:56:00,69,0.001,32.17
08-May-2025 01:57:00,71,0.001,32.34
08-May-2025 01:58:00,70,0.001,32.5
08-May-2025 01:59:00,68,0.001,32.66
08-May-2025 02:00:00,69,0.001,32.79
08-May-2025 02:01:00,69,0.001,32.92
08-May-2025 02:02:00,70,0.001,33.04
08-May-2025 02:03:00,71,0.001,33.15
08-May-2025 02:04:00,70,0.001,33.26
08-May-2025 02:05:00,70,0.001,33.36
08-May-2025 02:06:00,71,0.001,33.46
08-May-2025 02:07:00,71,0.001,33.55
08-May-2025 02:08:00,71,0.001,33.64
08-May-2025 02:09:00,71,0.001,33.73
08-May-2025 02:10:00,71,0.001,33.81
08-May-2025 02:11:00,70,0.001,33.89
08-May-2025 02:12:00,72,0.001,33.96
08-May-2025 02:13:00,71,0.001,34.03
08-May-2025 02:14:00,71,0.001,34.1
08-May-2025 02:15:00,71,0.001,34.16
08-May-2025 02:16:00,71,0.001,34.22
08-May-2025 02:17:00,72,0.001,34.27
08-May-2025 02:18:00,71,0.001,34.32
08-May-2025 02:19:00,71,0.001,34.37
08-May-2025 02:20:00,71,0.001,34.42
08-May-2025 02:21:00,71,0.001,34.46
08-May-2025 02:22:00,71,0.001,34.51
08-May-2025 02:23:00,70,0.001,34.55
08-May-2025 02:24:00,71,0.001,34.58
08-May-2025 02:25:00,83,0.026,34.58
08-May-2025 02:26:00,64,0.001,34.41
08-May-2025 02:27:00,65,0.001,34.23
08-May-2025 02:28:00,67,0.001,34.05
08-May-2025 02:29:00,65,0.001,33.88
08-May-2025 02:30:00,67,0.001,33.74
08-May-2025 02:31:00,67,0.001,33.6
08-May-2025 02:32:00,67,0.001,33.48
08-May-2025 02:33:00,67,0.001,33.37
08-May-2025 02:34:00,67,0.001,33.29
08-May-2025 02:35:00,66,0.001,33.21
08-May-2025 02:36:00,69,0.001,33.13
08-May-2025 02:37:00,65,0.001,33.06
08-May-2025 02:38:00,67,0.003,32.99
08-May-2025 02:39:00,72,0.006,32.9
08-May-2025 02:40:00,64,0.001,32.78
08-May-2025 02:41:00,66,0.001,32.65
08-May-2025 02:42:00,65,0.001,32.51
08-May-2025 02:43:00,66,0.001,32.37
08-May-2025 02:44:00,66,0.001,32.23
08-May-2025 02:45:00,67,0.001,32.12
08-May-2025 02:46:00,67,0.001,32.02
08-May-2025 02:47:00,66,0.001,31.93
08-May-2025 02:48:00,67,0.001,31.85
08-May-2025 02:49:00,67,0.001,31.77
08-May-2025 02:50:00,69,0.001,31.7
08-May-2025 02:51:00,65,0.001,31.62
08-May-2025 02:52:00,65,0.001,31.55
08-May-2025 02:53:00,66,0.001,31.5
08-May-2025 02:54:00,66,0.001,31.43
08-May-2025 02:55:00,66,0.001,31.4
08-May-2025 02:56:00,66,0.001,31.35
08-May-2025 02:57:00,67,0.001,31.3
08-May-2025 02:58:00,67,0.001,31.23
08-May-2025 02:59:00,67,0.001,31.19
08-May-2025 03:00:00,76,0.036,31.15
08-May-2025 03:01:00,79,0.029,31.14
08-May-2025 03:02:00,67,0.001,31.24
08-May-2025 03:03:00,68,0.002,31.4
08-May-2025 03:04:00,67,0.012,31.58
08-May-2025 03:05:00,66,0.001,31.78
08-May-2025 03:06:00,68,0.001,31.96
08-May-2025 03:07:00,66,0.001,32.12
08-May-2025 03:08:00,68,0.001,32.27
08-May-2025 03:09:00,68,0.001,32.42
08-May-2025 03:10:00,70,0.001,32.55
08-May-2025 03:11:00,75,0.001,32.67
08-May-2025 03:12:00,73,0.001,32.78
08-May-2025 03:13:00,71,0.001,32.87
08-May-2025 03:14:00,71,0.001,32.96
08-May-2025 03:15:00,71,0.001,33.04
08-May-2025 03:16:00,72,0.001,33.12
08-May-2025 03:17:00,70,0.001,33.19
08-May-2025 03:18:00,72,0.001,33.24
08-May-2025 03:19:00,71,0.001,33.3
08-May-2025 03:20:00,73,0.001,33.36
08-May-2025 03:21:00,68,0.001,33.42
08-May-2025 03:22:00,73,0.001,33.46
08-May-2025 03:23:00,71,0.001,33.5
08-May-2025 03:24:00,72,0.001,33.53
08-May-2025 03:25:00,75,0.046,33.58
08-May-2025 03:26:00,70,0.001,33.71
08-May-2025 03:27:00,71,0.001,33.86
08-May-2025 03:28:00,68,0.001,33.99
08-May-2025 03:29:00,70,0.002,34.09
08-May-2025 03:30:00,71,0.001,34.16
08-May-2025 03:31:00,71,0.001,34.24
08-May-2025 03:32:00,69,0.001,34.29
08-May-2025 03:33:00,70,0.001,34.35
08-May-2025 03:34:00,71,0.001,34.39
08-May-2025 03:35:00,70,0.001,34.44
08-May-2025 03:36:00,70,0.001,34.47
08-May-2025 03:37:00,71,0.001,34.52
08-May-2025 03:38:00,73,0.001,34.56
08-May-2025 03:39:00,92,0.018,34.56
08-May-2025 03:40:00,68,0.001,34.39
08-May-2025 03:41:00,69,0.001,34.22
08-May-2025 03:42:00,70,0.001,34.06
08-May-2025 03:43:00,69,0.001,33.93
08-May-2025 03:44:00,69,0.001,33.82
08-May-2025 03:45:00,69,0.001,33.72
08-May-2025 03:46:00,68,0.001,33.62
08-May-2025 03:47:00,69,0.001,33.55
08-May-2025 03:48:00,69,0.001,33.48
08-May-2025 03:49:00,68,0.001,33.43
08-May-2025 03:50:00,72,0.002,33.38
08-May-2025 03:51:00,67,0.001,33.32
08-May-2025 03:52:00,67,0.001,33.26
08-May-2025 03:53:00,69,0.001,33.2
08-May-2025 03:54:00,68,0.001,33.15
08-May-2025 03:55:00,73,0.029,33.1
08-May-2025 03:56:00,62,0.001,33.07
08-May-2025 03:57:00,65,0.001,33.03
08-May-2025 03:58:00,65,0.001,33.01
08-May-2025 03:59:00,66,0.001,32.99
08-May-2025 04:00:00,65,0.001,32.98
08-May-2025 04:01:00,65,0.001,32.97
08-May-2025 04:02:00,65,0.001,32.97
08-May-2025 04:03:00,67,0.001,32.96
08-May-2025 04:04:00,69,0.037,32.95
08-May-2025 04:05:00,65,0.001,32.91
08-May-2025 04:06:00,64,0.001,32.89
08-May-2025 04:07:00,64,0.001,32.9
08-May-2025 04:08:00,64,0.001,32.93
08-May-2025 04:09:00,63,0.001,32.97
08-May-2025 04:10:00,64,0.001,33
08-May-2025 04:11:00,64,0.001,33.03
08-May-2025 04:12:00,65,0.001,33.05
08-May-2025 04:13:00,64,0.001,33.07
08-May-2025 04:14:00,65,0.001,33.1
08-May-2025 04:15:00,64,0.001,33.12
08-May-2025 04:16:00,64,0.001,33.14
08-May-2025 04:17:00,64,0.001,33.15
08-May-2025 04:18:00,65,0.001,33.17
08-May-2025 04:19:00,64,0.001,33.18
08-May-2025 04:20:00,65,0.001,33.19
08-May-2025 04:21:00,73,0.007,33.19
08-May-2025 04:22:00,72,0.037,33.11
08-May-2025 04:23:00,61,0.001,33
08-May-2025 04:24:00,70,0.017,32.85
08-May-2025 04:25:00,61,0.001,32.72
08-May-2025 04:26:00,60,0.001,32.65
08-May-2025 04:27:00,66,0.028,32.59
08-May-2025 04:28:00,67,0.02,32.56
08-May-2025 04:29:00,63,0.001,32.59
08-May-2025 04:30:00,63,0.001,32.65
08-May-2025 04:31:00,63,0.001,32.71
08-May-2025 04:32:00,64,0.001,32.77
08-May-2025 04:33:00,65,0.001,32.82
08-May-2025 04:34:00,65,0.001,32.88
08-May-2025 04:35:00,65,0.001,32.94
08-May-2025 04:36:00,66,0.001,32.99
08-May-2025 04:37:00,66,0.001,33.05
08-May-2025 04:38:00,76,0.012,33.1
08-May-2025 04:39:00,76,0.063,33.18
08-May-2025 04:40:00,76,0.06,33.28
08-May-2025 04:41:00,64,0.001,33.41
08-May-2025 04:42:00,63,0.001,33.53
08-May-2025 04:43:00,65,0.001,33.66
08-May-2025 04:44:00,63,0.001,33.77
08-May-2025 04:45:00,64,0.001,33.87
08-May-2025 04:46:00,64,0.001,33.96
08-May-2025 04:47:00,73,0.008,34.04
08-May-2025 04:48:00,60,0.001,34.01
08-May-2025 04:49:00,67,0.002,33.86
08-May-2025 04:50:00,64,0.001,33.7
08-May-2025 04:51:00,64,0.001,33.56
08-May-2025 04:52:00,65,0.001,33.44
08-May-2025 04:53:00,64,0.001,33.33
08-May-2025 04:54:00,67,0.001,33.22
08-May-2025 04:55:00,70,0.001,33.13
08-May-2025 04:56:00,69,0.001,33.07
08-May-2025 04:57:00,69,0.002,33.01
08-May-2025 04:58:00,67,0.001,32.96
08-May-2025 04:59:00,69,0.001,32.93
08-May-2025 05:00:00,70,0.001,32.89
08-May-2025 05:01:00,69,0.001,32.86
08-May-2025 05:02:00,69,0.001,32.84
08-May-2025 05:03:00,73,0.001,32.82
08-May-2025 05:04:00,70,0.001,32.79
08-May-2025 05:05:00,69,0.001,32.76
08-May-2025 05:06:00,74,0.001,32.73
08-May-2025 05:07:00,80,0.018,32.71
08-May-2025 05:08:00,68,0.004,32.74
08-May-2025 05:09:00,66,0.001,32.9
08-May-2025 05:10:00,66,0.002,33.11
08-May-2025 05:11:00,67,0.002,33.32
08-May-2025 05:12:00,65,0.002,33.52
08-May-2025 05:13:00,66,0.001,33.68
08-May-2025 05:14:00,66,0.001,33.82
08-May-2025 05:15:00,65,0.002,33.95
08-May-2025 05:16:00,65,0.002,34.07
08-May-2025 05:17:00,65,0.001,34.17
08-May-2025 05:18:00,66,0.001,34.24
08-May-2025 05:19:00,70,0.001,34.29
08-May-2025 05:20:00,70,0.001,34.34
08-May-2025 05:21:00,71,0.001,34.37
08-May-2025 05:22:00,71,0.001,34.41
08-May-2025 05:23:00,71,0.002,34.43
08-May-2025 05:24:00,70,0.019,34.44
08-May-2025 05:25:00,68,0.002,34.46
08-May-2025 05:26:00,64,0.004,34.5
08-May-2025 05:27:00,63,0.001,34.55
08-May-2025 05:28:00,66,0.001,34.61
08-May-2025 05:29:00,73,0.002,34.67
08-May-2025 05:30:00,69,0.001,34.72
08-May-2025 05:31:00,70,0.001,34.77
08-May-2025 05:32:00,76,0.001,34.82
08-May-2025 05:33:00,77,0.002,34.86
08-May-2025 05:34:00,90,0.083,34.82
08-May-2025 05:35:00,68,0.001,34.62
08-May-2025 05:36:00,68,0.001,34.47
08-May-2025 05:37:00,67,0.001,34.39
08-May-2025 05:38:00,64,0.001,34.35
08-May-2025 05:39:00,65,0.001,34.33
08-May-2025 05:40:00,62,0.001,34.32
08-May-2025 05:41:00,66,0.001,34.31
08-May-2025 05:42:00,62,0.001,34.3
08-May-2025 05:43:00,64,0.001,34.3
08-May-2025 05:44:00,64,0.001,34.3
08-May-2025 05:45:00,61,0.001,34.31
08-May-2025 05:46:00,63,0.001,34.32
08-May-2025 05:47:00,63,0.001,34.33
08-May-2025 05:48:00,64,0.001,34.34
08-May-2025 05:49:00,64,0.001,34.35
08-May-2025 05:50:00,63,0.001,34.36
08-May-2025 05:51:00,64,0.001,34.38
08-May-2025 05:52:00,64,0.001,34.39
08-May-2025 05:53:00,64,0.001,34.41
08-May-2025 05:54:00,66,0.015,34.42
08-May-2025 05:55:00,60,0.001,34.37
08-May-2025 05:56:00,62,0.001,34.26
08-May-2025 05:57:00,63,0.001,34.13
08-May-2025 05:58:00,64,0.001,34.01
08-May-2025 05:59:00,63,0.001,33.89
08-May-2025 06:00:00,64,0.001,33.79
08-May-2025 06:01:00,63,0.001,33.7
08-May-2025 06:02:00,64,0.001,33.6
08-May-2025 06:03:00,67,0.017,33.52
08-May-2025 06:04:00,62,0.001,33.44
08-May-2025 06:05:00,62,0.001,33.3
08-May-2025 06:06:00,62,0.001,33.21
08-May-2025 06:07:00,60,0.001,33.14
08-May-2025 06:08:00,64,0.001,33.09
08-May-2025 06:09:00,61,0.001,33.05
08-May-2025 06:10:00,61,0.001,33.01
08-May-2025 06:11:00,62,0.001,32.98
08-May-2025 06:12:00,62,0.001,32.97
08-May-2025 06:13:00,64,0.001,32.95
08-May-2025 06:14:00,68,0.008,32.94
08-May-2025 06:15:00,59,0.004,32.92
08-May-2025 06:16:00,61,0.001,32.91
08-May-2025 06:17:00,62,0.001,32.92
08-May-2025 06:18:00,63,0.001,32.93
08-May-2025 06:19:00,63,0.001,32.92
08-May-2025 06:20:00,63,0.001,32.9
08-May-2025 06:21:00,63,0.001,32.88
08-May-2025 06:22:00,64,0.001,32.87
08-May-2025 06:23:00,63,0.001,32.86
08-May-2025 06:24:00,64,0.001,32.85
08-May-2025 06:25:00,64,0.001,32.83
08-May-2025 06:26:00,63,0.001,32.81
08-May-2025 06:27:00,64,0.001,32.8
08-May-2025 06:28:00,64,0.001,32.81
08-May-2025 06:29:00,64,0.001,32.8
08-May-2025 06:30:00,63,0.001,32.78
08-May-2025 06:31:00,64,0.001,32.77
08-May-2025 06:32:00,65,0.001,32.76
08-May-2025 06:33:00,68,0.001,32.75
08-May-2025 06:34:00,71,0.016,32.73
08-May-2025 06:35:00,62,0.001,32.77
08-May-2025 06:36:00,63,0.001,32.88
08-May-2025 06:37:00,62,0.001,33
08-May-2025 06:38:00,61,0.001,33.1
08-May-2025 06:39:00,64,0.001,33.2
08-May-2025 06:40:00,62,0.001,33.28
08-May-2025 06:41:00,63,0.001,33.35
08-May-2025 06:42:00,64,0.001,33.41
08-May-2025 06:43:00,65,0.001,33.46
08-May-2025 06:44:00,63,0.001,33.49
08-May-2025 06:45:00,64,0.001,33.52
08-May-2025 06:46:00,68,0.001,33.53
08-May-2025 06:47:00,65,0.001,33.54
08-May-2025 06:48:00,67,0.001,33.53
08-May-2025 06:49:00,64,0.001,33.52
08-May-2025 06:50:00,67,0.001,33.52
08-May-2025 06:51:00,65,0.001,33.56
08-May-2025 06:52:00,66,0.001,33.59
08-May-2025 06:53:00,62,0.001,33.62
08-May-2025 06:54:00,75,0.006,33.63
08-May-2025 06:55:00,65,0.001,33.63
08-May-2025 06:56:00,70,0.001,33.62
08-May-2025 06:57:00,68,0.001,33.62
08-May-2025 06:58:00,74,0.032,33.64
08-May-2025 06:59:00,64,0.005,33.6
08-May-2025 07:00:00,64,0.001,33.53
08-May-2025 07:01:00,67,0.006,33.45
08-May-2025 07:02:00,62,0.001,33.39
08-May-2025 07:03:00,65,0.001,33.36
08-May-2025 07:04:00,70,0.01,33.37
08-May-2025 07:05:00,64,0.001,33.46
08-May-2025 07:06:00,64,0.001,33.62
08-May-2025 07:07:00,65,0.001,33.76
08-May-2025 07:08:00,66,0.001,33.9
08-May-2025 07:09:00,69,0.003,34
08-May-2025 07:10:00,64,0.001,34.09
08-May-2025 07:11:00,65,0.001,34.18
08-May-2025 07:12:00,69,0.059,34.26
08-May-2025 07:13:00,64,0.001,34.32
08-May-2025 07:14:00,66,0.001,34.36
08-May-2025 07:15:00,67,0.002,34.37
08-May-2025 07:16:00,65,0.001,34.37
08-May-2025 07:17:00,67,0.001,34.38
08-May-2025 07:18:00,66,0.007,34.39
08-May-2025 07:19:00,71,0.027,34.39
08-May-2025 07:20:00,66,0.001,34.45
08-May-2025 07:21:00,66,0.001,34.57
08-May-2025 07:22:00,66,0.001,34.69
08-May-2025 07:23:00,67,0.001,34.8
08-May-2025 07:24:00,65,0.001,34.91
08-May-2025 07:25:00,80,0.01,35
08-May-2025 07:26:00,65,0.001,35.04
08-May-2025 07:27:00,74,0.021,35.09
08-May-2025 07:28:00,67,0.004,35.1
08-May-2025 07:29:00,65,0.001,35.05
08-May-2025 07:30:00,72,0.001,35.01
08-May-2025 07:31:00,67,0.001,34.97
08-May-2025 07:32:00,67,0.002,34.93
08-May-2025 07:33:00,72,0.008,34.9
08-May-2025 07:34:00,81,0.026,34.86
08-May-2025 07:35:00,67,0.002,34.84
08-May-2025 07:36:00,66,0.001,34.89
08-May-2025 07:37:00,67,0.001,34.98
08-May-2025 07:38:00,65,0.001,35.06
08-May-2025 07:39:00,62,0.001,35.14
08-May-2025 07:40:00,66,0.001,35.2
08-May-2025 07:41:00,65,0.001,35.26
08-May-2025 07:42:00,63,0.001,35.31
08-May-2025 07:43:00,73,0.004,35.35
08-May-2025 07:44:00,65,0.038,35.38
08-May-2025 07:45:00,71,0.004,35.38
08-May-2025 07:46:00,70,0.01,35.37
08-May-2025 07:47:00,67,0.001,35.36
08-May-2025 07:48:00,72,0.001,35.33
08-May-2025 07:49:00,74,0.017,35.31
08-May-2025 07:50:00,72,0.011,35.29
08-May-2025 07:51:00,71,0.047,35.27
08-May-2025 07:52:00,68,0.002,35.18
08-May-2025 07:53:00,67,0.001,35.09
08-May-2025 07:54:00,66,0.002,35.02
08-May-2025 07:55:00,69,0.002,34.97
08-May-2025 07:56:00,69,0.001,34.93
08-May-2025 07:57:00,73,0.014,34.87
08-May-2025 07:58:00,71,0.018,34.73
08-May-2025 07:59:00,67,0.008,34.48
08-May-2025 08:00:00,70,0.013,34.23
08-May-2025 08:01:00,75,0.051,34.11
08-May-2025 08:02:00,67,0.001,34.02
08-May-2025 08:03:00,68,0.001,34
08-May-2025 08:04:00,65,0.001,34.02
08-May-2025 08:05:00,69,0.002,34.05
08-May-2025 08:06:00,65,0.001,34.07
08-May-2025 08:07:00,67,0.001,34.1
08-May-2025 08:08:00,61,0.001,34.13
08-May-2025 08:09:00,66,0.001,34.16
08-May-2025 08:10:00,67,0.003,34.18
08-May-2025 08:11:00,73,0.046,34.19
08-May-2025 08:12:00,74,0.15,34.15
08-May-2025 08:13:00,99,0.071,33.98
08-May-2025 08:14:00,102,0.107,33.77
08-May-2025 08:15:00,97,0.109,33.55
08-May-2025 08:16:00,78,0.073,33.3
08-May-2025 08:17:00,73,0.027,33.08
08-May-2025 08:18:00,75,0.025,32.92
08-May-2025 08:19:00,84,0.078,32.81
08-May-2025 08:20:00,92,0.144,32.74
08-May-2025 08:21:00,87,0.049,32.76
08-May-2025 08:22:00,70,0.004,32.76
08-May-2025 08:23:00,74,0.018,32.79
08-May-2025 08:24:00,71,0.017,32.76
08-May-2025 08:25:00,69,0.016,32.76
08-May-2025 08:26:00,73,0.023,32.79
08-May-2025 08:27:00,68,0.024,32.78
08-May-2025 08:28:00,66,0.002,32.77
08-May-2025 08:29:00,65,0.01,32.87
08-May-2025 08:30:00,72,0.019,32.86
08-May-2025 08:31:00,68,0.002,32.77
08-May-2025 08:32:00,77,0.008,32.66
08-May-2025 08:33:00,73,0.003,32.55
08-May-2025 08:34:00,69,0.005,32.44
08-May-2025 08:35:00,71,0.002,32.35
08-May-2025 08:36:00,74,0.008,32.28
08-May-2025 08:37:00,71,0.001,32.25
08-May-2025 08:38:00,74,0.018,32.2
08-May-2025 08:39:00,76,0.041,32.17
08-May-2025 08:40:00,70,0.017,32.16
08-May-2025 08:41:00,74,0.029,32.16
08-May-2025 08:42:00,73,0.021,32.2
08-May-2025 08:43:00,81,0.082,32.2
08-May-2025 08:44:00,93,0.089,32.13
08-May-2025 08:45:00,91,0.124,32.04
08-May-2025 08:46:00,95,0.142,31.97
08-May-2025 08:47:00,98,0.124,31.92
08-May-2025 08:48:00,98,0.165,31.73
08-May-2025 08:49:00,103,0.132,31.52
08-May-2025 08:50:00,112,0.127,31.32
08-May-2025 08:51:00,102,0.19,31.17
08-May-2025 08:52:00,87,0.186,31.1
08-May-2025 08:53:00,109,0.158,31.09
08-May-2025 08:54:00,126,0.244,31.03
08-May-2025 08:55:00,98,0.13,30.98
08-May-2025 08:56:00,100,0.118,30.96
08-May-2025 08:57:00,99,0.175,30.96
08-May-2025 08:58:00,91,0.113,31
08-May-2025 08:59:00,67,0.121,31.06
08-May-2025 09:00:00,61,0.155,31.14
08-May-2025 09:01:00,73,0.095,31.18
08-May-2025 09:02:00,73,0.003,31.25
08-May-2025 09:03:00,73,0.004,31.25
08-May-2025 09:04:00,77,0.073,31.19
08-May-2025 09:05:00,87,0.011,31.18
08-May-2025 09:06:00,96,0.066,31.19
08-May-2025 09:07:00,89,0.064,31.2
08-May-2025 09:08:00,85,0.013,31.2
08-May-2025 09:09:00,96,0.109,31.14
08-May-2025 09:10:00,78,0.076,31.03
08-May-2025 09:11:00,91,0.098,31.01
08-May-2025 09:12:00,94,0.098,31
08-May-2025 09:13:00,99,0.146,31
08-May-2025 09:14:00,98,0.104,31
08-May-2025 09:15:00,79,0.031,30.96
08-May-2025 09:16:00,75,0.028,30.86
08-May-2025 09:17:00,75,0.029,30.76
08-May-2025 09:18:00,74,0.036,30.68
08-May-2025 09:19:00,78,0.033,30.61
08-May-2025 09:20:00,80,0.06,30.51
08-May-2025 09:21:00,73,0.052,30.44
08-May-2025 09:22:00,77,0.02,30.36
08-May-2025 09:23:00,73,0.023,30.24
08-May-2025 09:24:00,75,0.032,30.12
08-May-2025 09:25:00,79,0.035,30.11
08-May-2025 09:26:00,75,0.021,30.07
08-May-2025 09:27:00,78,0.01,30.01
08-May-2025 09:28:00,74,0.02,29.95
08-May-2025 09:29:00,77,0.041,29.9
08-May-2025 09:30:00,77,0.031,29.85
08-May-2025 09:31:00,80,0.057,29.81
08-May-2025 09:32:00,72,0.019,29.76
08-May-2025 09:33:00,73,0.023,29.71
08-May-2025 09:34:00,76,0.022,29.67
08-May-2025 09:35:00,82,0.078,29.63
08-May-2025 09:36:00,78,0.168,29.55
08-May-2025 09:37:00,87,0.212,29.47
08-May-2025 09:38:00,91,0.17,29.37
08-May-2025 09:39:00,92,0.144,29.38
08-May-2025 09:40:00,90,0.041,29.46
08-May-2025 09:41:00,86,0.031,29.56
08-May-2025 09:42:00,85,0.016,29.65
08-May-2025 09:43:00,76,0.092,29.71
08-May-2025 09:44:00,71,0.09,29.71
08-May-2025 09:45:00,74,0.001,29.6
08-May-2025 09:46:00,75,0.001,29.57
08-May-2025 09:47:00,90,0.026,29.73
08-May-2025 09:48:00,90,0.141,29.83
08-May-2025 09:49:00,97,0.138,29.92
08-May-2025 09:50:00,76,0.007,30.02
08-May-2025 09:51:00,75,0.008,30.07
08-May-2025 09:52:00,81,0.031,30.06
08-May-2025 09:53:00,77,0.018,30.07
08-May-2025 09:54:00,82,0.002,30.09
08-May-2025 09:55:00,81,0.006,30.08
08-May-2025 09:56:00,84,0.009,30.05
08-May-2025 09:57:00,80,0.009,30.02
08-May-2025 09:58:00,80,0.018,29.95
08-May-2025 09:59:00,82,0.024,29.85
08-May-2025 10:00:00,85,0.026,29.77
08-May-2025 10:01:00,82,0.022,29.78
08-May-2025 10:02:00,82,0.011,29.77
08-May-2025 10:03:00,80,0.002,29.71
08-May-2025 10:04:00,79,0.001,29.69
08-May-2025 10:05:00,78,0.001,29.81
08-May-2025 10:06:00,84,0.042,29.94
08-May-2025 10:07:00,85,0.062,30.03
08-May-2025 10:08:00,84,0.023,30.08
08-May-2025 10:09:00,86,0.03,30.1
08-May-2025 10:10:00,85,0.011,30.12
08-May-2025 10:11:00,82,0.01,30.12
08-May-2025 10:12:00,85,0.008,30.03
08-May-2025 10:13:00,87,0.008,30.04
08-May-2025 10:14:00,87,0.015,30.01
08-May-2025 10:15:00,82,0.015,29.96
08-May-2025 10:16:00,85,0.021,29.92
08-May-2025 10:17:00,86,0.017,29.91
08-May-2025 10:18:00,83,0.016,29.89
08-May-2025 10:19:00,82,0.036,29.89
08-May-2025 10:20:00,80,0.006,29.89
08-May-2025 10:21:00,84,0.012,29.9
08-May-2025 10:22:00,85,0.018,29.98
08-May-2025 10:23:00,75,0.016,30.04
08-May-2025 10:24:00,49,0.002,30.01
08-May-2025 10:25:00,78,0.02,30
08-May-2025 10:26:00,80,0.018,30.03
08-May-2025 10:27:00,85,0.019,30.05
08-May-2025 10:28:00,77,0.002,30.03
08-May-2025 10:29:00,80,0.002,29.97
08-May-2025 10:30:00,82,0.02,29.91
08-May-2025 10:31:00,88,0.01,29.88
08-May-2025 10:32:00,91,0.021,29.9
08-May-2025 10:33:00,86,0.041,29.92
08-May-2025 10:34:00,82,0.018,29.95
08-May-2025 10:35:00,84,0.016,29.94
08-May-2025 10:36:00,87,0.028,29.98
08-May-2025 10:37:00,90,0.041,30.03
08-May-2025 10:38:00,86,0.014,30.07
08-May-2025 10:39:00,84,0.022,30.15
08-May-2025 10:40:00,83,0.014,30.21
08-May-2025 10:41:00,85,0.04,30.26
08-May-2025 10:42:00,90,0.014,30.34
08-May-2025 10:43:00,80,0.017,30.36
08-May-2025 10:44:00,74,0.032,30.41
08-May-2025 10:45:00,80,0.03,30.47
08-May-2025 10:46:00,81,0.03,30.52
08-May-2025 10:47:00,87,0.034,30.54
08-May-2025 10:48:00,77,0.073,30.6
08-May-2025 10:49:00,81,0.079,30.64
08-May-2025 10:50:00,83,0.041,30.67
08-May-2025 10:51:00,79,0.024,30.69
08-May-2025 10:52:00,78,0.034,30.69
08-May-2025 10:53:00,75,0.036,30.72
08-May-2025 10:54:00,67,0.026,30.77
08-May-2025 10:55:00,83,0.014,30.79
08-May-2025 10:56:00,89,0.289,30.81
08-May-2025 10:57:00,98,0.112,30.79
08-May-2025 10:58:00,105,0.051,30.77
08-May-2025 10:59:00,74,0.019,30.82
08-May-2025 11:00:00,76,0.007,30.81
08-May-2025 11:01:00,77,0.017,30.81
08-May-2025 11:02:00,93,0.205,30.81
08-May-2025 11:03:00,101,0.166,30.8
08-May-2025 11:04:00,101,0.151,30.79
08-May-2025 11:05:00,77,0.012,30.79
08-May-2025 11:06:00,74,0.014,30.79
08-May-2025 11:07:00,77,0.029,30.8
08-May-2025 11:08:00,78,0.019,30.81
08-May-2025 11:09:00,69,0.07,30.82
08-May-2025 11:10:00,70,0.049,30.78
08-May-2025 11:11:00,77,0.021,30.75
08-May-2025 11:12:00,91,0.136,30.72
08-May-2025 11:13:00,82,0.063,30.59
08-May-2025 11:14:00,77,0.036,30.59
08-May-2025 11:15:00,100,0.183,30.58
08-May-2025 11:16:00,95,0.095,30.58
08-May-2025 11:17:00,77,0.021,30.6
08-May-2025 11:18:00,90,0.09,30.58
08-May-2025 11:19:00,87,0.241,30.51
08-May-2025 11:20:00,80,0.102,30.44
08-May-2025 11:21:00,69,0.112,30.41
08-May-2025 11:22:00,81,0.039,30.43
08-May-2025 11:23:00,84,0.248,30.43
08-May-2025 11:24:00,90,0.153,30.4
08-May-2025 11:25:00,99,0.128,30.36
08-May-2025 11:26:00,85,0.07,30.35
08-May-2025 11:27:00,109,0.148,30.36
08-May-2025 11:28:00,99,0.015,30.39
08-May-2025 11:29:00,96,0.047,30.42
08-May-2025 11:30:00,95,0.052,30.45
08-May-2025 11:31:00,91,0.047,30.5
08-May-2025 11:32:00,92,0.076,30.52
08-May-2025 11:33:00,89,0.058,30.55
08-May-2025 11:34:00,100,0.071,30.56
08-May-2025 11:35:00,101,0.01,30.57
08-May-2025 11:36:00,84,0.007,30.56
08-May-2025 11:37:00,80,0.01,30.56
08-May-2025 11:38:00,86,0.035,30.61
08-May-2025 11:39:00,86,0.02,30.61
08-May-2025 11:40:00,91,0.005,30.62
08-May-2025 11:41:00,91,0.01,30.64
08-May-2025 11:42:00,98,0.005,30.64
08-May-2025 11:43:00,67,0.008,30.63
08-May-2025 11:44:00,69,0.013,30.6
08-May-2025 11:45:00,96,0.011,30.55
08-May-2025 11:46:00,94,0.005,30.5
08-May-2025 11:47:00,81,0.01,30.48
08-May-2025 11:48:00,49,0.015,30.47
08-May-2025 11:49:00,80,0.008,30.5
08-May-2025 11:50:00,87,0.007,30.5
08-May-2025 11:51:00,91,0.016,30.52
08-May-2025 11:52:00,87,0.018,30.57
08-May-2025 11:53:00,85,0.006,30.59
08-May-2025 11:54:00,88,0.015,30.6
08-May-2025 11:55:00,85,0.01,30.62
08-May-2025 11:56:00,84,0.008,30.65
08-May-2025 11:57:00,84,0.007,30.64
08-May-2025 11:58:00,87,0.014,30.63
08-May-2025 11:59:00,83,0.004,30.65
08-May-2025 12:00:00,85,0.013,30.59
08-May-2025 12:01:00,109,0.03,30.5
08-May-2025 12:02:00,100,0.012,30.47
08-May-2025 12:03:00,91,0.011,30.45
08-May-2025 12:04:00,97,0.009,30.46
08-May-2025 12:05:00,91,0.037,30.48
08-May-2025 12:06:00,85,0.025,30.53
08-May-2025 12:07:00,83,0.013,30.55
08-May-2025 12:08:00,79,0.013,30.53
08-May-2025 12:09:00,79,0.007,30.47
08-May-2025 12:10:00,77,0.004,30.44
08-May-2025 12:11:00,79,0.008,30.41
08-May-2025 12:12:00,80,0.004,30.35
08-May-2025 12:13:00,79,0.01,30.28
08-May-2025 12:14:00,83,0.004,30.24
08-May-2025 12:15:00,86,0.014,30.22
08-May-2025 12:16:00,83,0.016,30.19
08-May-2025 12:17:00,85,0.009,30.21
08-May-2025 12:18:00,83,0.017,30.22
08-May-2025 12:19:00,81,0.004,30.23
08-May-2025 12:20:00,82,0.011,30.24
08-May-2025 12:21:00,83,0.01,30.29
08-May-2025 12:22:00,81,0.005,30.32
08-May-2025 12:23:00,81,0.015,30.33
08-May-2025 12:24:00,86,0.003,30.36
08-May-2025 12:25:00,94,0.012,30.39
08-May-2025 12:26:00,81,0.009,30.45
08-May-2025 12:27:00,83,0.004,30.47
08-May-2025 12:28:00,83,0.005,30.52
08-May-2025 12:29:00,82,0.007,30.59
08-May-2025 12:30:00,88,0.018,30.62
08-May-2025 12:31:00,89,0.016,30.67
08-May-2025 12:32:00,83,0.008,30.73
08-May-2025 12:33:00,86,0.013,30.81
08-May-2025 12:34:00,78,0.003,30.89
08-May-2025 12:35:00,85,0.008,30.97
08-May-2025 12:36:00,76,0.002,31.04
08-May-2025 12:37:00,78,0.005,31.09
08-May-2025 12:38:00,80,0.01,31.11
08-May-2025 12:39:00,82,0.005,31.11
08-May-2025 12:40:00,74,0.006,31.11
08-May-2025 12:41:00,77,0.006,31.11
08-May-2025 12:42:00,84,0.009,31.1
08-May-2025 12:43:00,72,0.003,31.08
08-May-2025 12:44:00,82,0.007,31.04
08-May-2025 12:45:00,77,0.004,31.02
08-May-2025 12:46:00,83,0.014,30.97
08-May-2025 12:47:00,83,0.016,30.94
08-May-2025 12:48:00,75,0.009,30.95
08-May-2025 12:49:00,78,0.005,30.94
08-May-2025 12:50:00,80,0.005,30.91
08-May-2025 12:51:00,80,0.006,30.86
08-May-2025 12:52:00,86,0.026,30.85
08-May-2025 12:53:00,77,0.01,30.86
08-May-2025 12:54:00,78,0.013,30.87
08-May-2025 12:55:00,61,0.006,30.85
08-May-2025 12:56:00,80,0.011,30.83
08-May-2025 12:57:00,74,0.006,30.85
08-May-2025 12:58:00,77,0.006,30.84
08-May-2025 12:59:00,81,0.008,30.8
08-May-2025 13:00:00,84,0.011,30.76
08-May-2025 13:01:00,80,0.011,30.77
08-May-2025 13:02:00,86,0.019,30.81
08-May-2025 13:03:00,86,0.035,30.84
08-May-2025 13:04:00,81,0.009,30.84
08-May-2025 13:05:00,80,0.009,30.84
08-May-2025 13:06:00,82,0.029,30.84
08-May-2025 13:07:00,72,0.018,30.82
08-May-2025 13:08:00,64,0.021,30.74
08-May-2025 13:09:00,48,0.007,30.67
08-May-2025 13:10:00,74,0.008,30.63
08-May-2025 13:11:00,87,0.024,30.64
08-May-2025 13:12:00,82,0.039,30.72
08-May-2025 13:13:00,81,0.02,30.79
08-May-2025 13:14:00,81,0.015,30.86
08-May-2025 13:15:00,76,0.003,30.91
08-May-2025 13:16:00,79,0.012,30.93
08-May-2025 13:17:00,78,0.007,30.99
08-May-2025 13:18:00,71,0.009,31.05
08-May-2025 13:19:00,63,0.008,31.08
08-May-2025 13:20:00,70,0.015,31.13
08-May-2025 13:21:00,77,0.014,31.18
08-May-2025 13:22:00,81,0.013,31.23
08-May-2025 13:23:00,79,0.014,31.31
08-May-2025 13:24:00,77,0.044,31.39
08-May-2025 13:25:00,78,0.019,31.47
08-May-2025 13:26:00,66,0.006,31.53
08-May-2025 13:27:00,50,0.021,31.61
08-May-2025 13:28:00,72,0.003,31.67
08-May-2025 13:29:00,75,0.006,31.68
08-May-2025 13:30:00,75,0.007,31.69
08-May-2025 13:31:00,68,0.017,31.65
08-May-2025 13:32:00,73,0.028,31.67
08-May-2025 13:33:00,73,0.009,31.71
08-May-2025 13:34:00,51,0.012,31.72
08-May-2025 13:35:00,74,0.007,31.8
08-May-2025 13:36:00,76,0.003,31.85
08-May-2025 13:37:00,77,0.001,31.8
08-May-2025 13:38:00,75,0.014,31.75
08-May-2025 13:39:00,76,0.011,31.73
08-May-2025 13:40:00,75,0.019,31.74
08-May-2025 13:41:00,80,0.035,31.74
08-May-2025 13:42:00,89,0.124,31.78
08-May-2025 13:43:00,93,0.033,31.82
08-May-2025 13:44:00,91,0.175,31.87
08-May-2025 13:45:00,69,0.003,31.74
08-May-2025 13:46:00,77,0.024,31.67
08-May-2025 13:47:00,105,0.173,31.82
08-May-2025 13:48:00,98,0.105,31.91
08-May-2025 13:49:00,75,0.015,31.97
08-May-2025 13:50:00,76,0.02,32.01
08-May-2025 13:51:00,76,0.017,32.07
08-May-2025 13:52:00,91,0.123,32.1
08-May-2025 13:53:00,98,0.334,32.14
08-May-2025 13:54:00,101,0.351,32.13
08-May-2025 13:55:00,118,0.259,32.11
08-May-2025 13:56:00,109,0.294,32.14
08-May-2025 13:57:00,104,0.323,32.13
08-May-2025 13:58:00,123,0.367,32.16
08-May-2025 13:59:00,121,0.41,32.3
08-May-2025 14:00:00,124,0.327,32.54
08-May-2025 14:01:00,141,0.202,32.57
08-May-2025 14:02:00,139,0.087,32.53
08-May-2025 14:03:00,143,0.1,32.48
08-May-2025 14:04:00,129,0.073,32.38
08-May-2025 14:05:00,99,0.026,32.1
08-May-2025 14:06:00,101,0.045,31.79
08-May-2025 14:07:00,93,0.03,31.71
08-May-2025 14:08:00,94,0.024,31.66
08-May-2025 14:09:00,90,0.014,31.6
08-May-2025 14:10:00,93,0.037,31.61
08-May-2025 14:11:00,91,0.007,31.74
08-May-2025 14:12:00,91,0.016,31.89
08-May-2025 14:13:00,89,0.04,32.02
08-May-2025 14:14:00,89,0.024,32.11
08-May-2025 14:15:00,88,0.01,32.24
08-May-2025 14:16:00,89,0.023,32.46
08-May-2025 14:17:00,87,0.021,32.55
08-May-2025 14:18:00,87,0.01,32.62
08-May-2025 14:19:00,89,0.045,32.63
08-May-2025 14:20:00,89,0.028,32.68
08-May-2025 14:21:00,88,0.026,32.72
08-May-2025 14:22:00,90,0.027,32.76
08-May-2025 14:23:00,93,0.035,32.82
08-May-2025 14:24:00,87,0.02,32.85
08-May-2025 14:25:00,87,0.016,32.9
08-May-2025 14:26:00,88,0.045,32.9
08-May-2025 14:27:00,91,0.02,32.91
08-May-2025 14:28:00,91,0.024,32.93
08-May-2025 14:29:00,90,0.01,32.99
08-May-2025 14:30:00,87,0.016,33.01
08-May-2025 14:31:00,86,0.018,33.06
08-May-2025 14:32:00,92,0.024,33.1
08-May-2025 14:33:00,87,0.017,33.11
08-May-2025 14:34:00,91,0.014,33.1
08-May-2025 14:35:00,92,0.036,33.08
08-May-2025 14:36:00,87,0.025,33.14
08-May-2025 14:37:00,91,0.016,33.2
08-May-2025 14:38:00,97,0.022,33.2
08-May-2025 14:39:00,94,0.047,33.2
08-May-2025 14:40:00,92,0.018,33.22
08-May-2025 14:41:00,90,0.016,33.25
08-May-2025 14:42:00,90,0.021,33.23
08-May-2025 14:43:00,95,0.026,33.22
08-May-2025 14:44:00,91,0.007,33.25
08-May-2025 14:45:00,93,0.017,33.27
08-May-2025 14:46:00,92,0.01,33.3
08-May-2025 14:47:00,89,0.011,33.32
08-May-2025 14:48:00,93,0.01,33.33
08-May-2025 14:49:00,92,0.019,33.36
08-May-2025 14:50:00,92,0.012,33.37
08-May-2025 14:51:00,87,0.02,33.42
08-May-2025 14:52:00,94,0.027,33.46
08-May-2025 14:53:00,98,0.023,33.44
08-May-2025 14:54:00,91,0.028,33.4
08-May-2025 14:55:00,94,0.014,33.31
08-May-2025 14:56:00,90,0.02,33.28
08-May-2025 14:57:00,90,0.02,33.26
08-May-2025 14:58:00,93,0.012,33.2
08-May-2025 14:59:00,87,0.002,33.2
08-May-2025 15:00:00,87,0.027,33.25
08-May-2025 15:01:00,89,0.015,33.38
08-May-2025 15:02:00,90,0.02,33.48
08-May-2025 15:03:00,97,0.028,33.55
08-May-2025 15:04:00,88,0.028,33.57
08-May-2025 15:05:00,89,0.009,33.56
08-May-2025 15:06:00,88,0.018,33.55
08-May-2025 15:07:00,95,0.066,33.57
08-May-2025 15:08:00,99,0.116,33.63
08-May-2025 15:09:00,95,0.138,33.7
08-May-2025 15:10:00,101,0.161,33.74
08-May-2025 15:11:00,90,0.114,33.76
08-May-2025 15:12:00,96,0.22,33.76
08-May-2025 15:13:00,98,0.188,33.74
08-May-2025 15:14:00,110,0.255,33.76
08-May-2025 15:15:00,116,0.324,33.67
08-May-2025 15:16:00,117,0.321,33.54
08-May-2025 15:17:00,121,0.288,33.39
08-May-2025 15:18:00,125,0.37,33.23
08-May-2025 15:19:00,122,0.356,33.08
08-May-2025 15:20:00,130,0.259,32.94
08-May-2025 15:21:00,149,0.154,32.78
08-May-2025 15:22:00,127,0.029,32.58
08-May-2025 15:23:00,104,0.009,32.55
08-May-2025 15:24:00,102,0.016,32.66
08-May-2025 15:25:00,103,0.02,32.7
08-May-2025 15:26:00,101,0.025,32.75
08-May-2025 15:27:00,107,0.023,32.85
08-May-2025 15:28:00,93,0.015,32.98
08-May-2025 15:29:00,96,0.011,33.07
08-May-2025 15:30:00,103,0.008,33.15
08-May-2025 15:31:00,90,0.008,33.23
08-May-2025 15:32:00,94,0.028,33.36
08-May-2025 15:33:00,93,0.02,33.47
08-May-2025 15:34:00,88,0.006,33.54
08-May-2025 15:35:00,86,0.001,33.53
08-May-2025 15:36:00,91,0.067,33.57
08-May-2025 15:37:00,95,0.038,33.69
08-May-2025 15:38:00,103,0.022,33.75
08-May-2025 15:39:00,106,0.125,33.77
08-May-2025 15:40:00,108,0.129,33.71
08-May-2025 15:41:00,112,0.071,33.65
08-May-2025 15:42:00,103,0.093,33.55
08-May-2025 15:43:00,72,0.091,33.48
08-May-2025 15:44:00,63,0.066,33.4
08-May-2025 15:45:00,84,0.186,33.3
08-May-2025 15:46:00,103,0.087,33.23
08-May-2025 15:47:00,93,0.043,33.15
08-May-2025 15:48:00,94,0.013,33.06
08-May-2025 15:49:00,103,0.002,32.79
08-May-2025 15:50:00,106,0.005,32.6
08-May-2025 15:51:00,107,0.008,32.66
08-May-2025 15:52:00,109,0.006,32.76
08-May-2025 15:53:00,106,0.006,32.82
08-May-2025 15:54:00,107,0.025,32.89
08-May-2025 15:55:00,100,0.023,32.98
08-May-2025 15:56:00,106,0.013,33.01
08-May-2025 15:57:00,104,0.004,33.04
08-May-2025 15:58:00,110,0.009,33.1
08-May-2025 15:59:00,110,0.078,33.12
08-May-2025 16:00:00,87,0.18,33.1
08-May-2025 16:01:00,110,0.235,33.06
08-May-2025 16:02:00,95,0.215,33.01
08-May-2025 16:03:00,102,0.051,32.95
08-May-2025 16:04:00,95,0.04,32.95
08-May-2025 16:05:00,89,0.039,33.03
08-May-2025 16:06:00,87,0.019,33.05
08-May-2025 16:07:00,86,0.009,33.04
08-May-2025 16:08:00,87,0.034,33.02
08-May-2025 16:09:00,91,0.04,33.05
08-May-2025 16:10:00,91,0.101,33.07
08-May-2025 16:11:00,89,0.361,33.02
08-May-2025 16:12:00,92,0.317,32.98
08-May-2025 16:13:00,74,0.287,32.97
08-May-2025 16:14:00,58,0.288,32.94
08-May-2025 16:15:00,68,0.21,32.71
08-May-2025 16:16:00,105,0.023,32.39
08-May-2025 16:17:00,123,0.114,32.28
08-May-2025 16:18:00,116,0.051,32.27
08-May-2025 16:19:00,110,0.034,32.36
08-May-2025 16:20:00,102,0.016,32.45
08-May-2025 16:21:00,112,0.034,32.58
08-May-2025 16:22:00,102,0.007,32.59
08-May-2025 16:23:00,96,0.029,32.63
08-May-2025 16:24:00,111,0.037,32.62
08-May-2025 16:25:00,116,0.045,32.63
08-May-2025 16:26:00,95,0.032,32.77
08-May-2025 16:27:00,101,0.036,32.89
08-May-2025 16:28:00,97,0.002,32.88
08-May-2025 16:29:00,95,0.012,32.8
08-May-2025 16:30:00,93,0.029,32.73
08-May-2025 16:31:00,91,0.007,32.72
08-May-2025 16:32:00,97,0.007,32.74
08-May-2025 16:33:00,92,0.012,32.8
08-May-2025 16:34:00,93,0.019,32.86
08-May-2025 16:35:00,93,0.005,32.89
08-May-2025 16:36:00,90,0.005,32.97
08-May-2025 16:37:00,98,0.012,33.08
08-May-2025 16:38:00,95,0.01,33.2
08-May-2025 16:39:00,91,0.011,33.3
08-May-2025 16:40:00,94,0.012,33.38
08-May-2025 16:41:00,91,0.021,33.49
08-May-2025 16:42:00,91,0.003,33.6
08-May-2025 16:43:00,96,0.019,33.67
08-May-2025 16:44:00,95,0.007,33.78
08-May-2025 16:45:00,92,0.016,33.87
08-May-2025 16:46:00,95,0.015,33.93
08-May-2025 16:47:00,92,0.01,33.96
08-May-2025 16:48:00,90,0.02,33.98
08-May-2025 16:49:00,95,0.061,34.01
08-May-2025 16:50:00,94,0.156,34.05
08-May-2025 16:51:00,92,0.153,34.05
08-May-2025 16:52:00,84,0.002,33.8
08-May-2025 16:53:00,88,0.002,33.61
08-May-2025 16:54:00,89,0.009,33.61
08-May-2025 16:55:00,90,0.005,33.65
08-May-2025 16:56:00,88,0.003,33.59
08-May-2025 16:57:00,91,0.023,33.53
08-May-2025 16:58:00,91,0.007,33.51
08-May-2025 16:59:00,93,0.029,33.64
08-May-2025 17:00:00,103,0.125,33.74
08-May-2025 17:01:00,94,0.199,33.76
08-May-2025 17:02:00,87,0.012,33.68
08-May-2025 17:03:00,86,0.002,33.51
08-May-2025 17:04:00,88,0.002,33.31
08-May-2025 17:05:00,81,0.002,33.11
08-May-2025 17:06:00,84,0.022,32.88
08-May-2025 17:07:00,84,0.005,32.68
08-May-2025 17:08:00,89,0.009,32.45
08-May-2025 17:09:00,89,0.078,32.24
08-May-2025 17:10:00,110,0.363,32.1
08-May-2025 17:11:00,114,0.184,32.02
08-May-2025 17:12:00,93,0.05,32.03
08-May-2025 17:13:00,89,0.04,32.03
08-May-2025 17:14:00,87,0.054,32
08-May-2025 17:15:00,86,0.009,31.92
08-May-2025 17:16:00,93,0.032,31.85
08-May-2025 17:17:00,87,0.048,31.79
08-May-2025 17:18:00,82,0.05,31.68
08-May-2025 17:19:00,84,0.023,31.46
08-May-2025 17:20:00,84,0.031,31.37
08-May-2025 17:21:00,85,0.05,31.36
08-May-2025 17:22:00,83,0.048,31.32
08-May-2025 17:23:00,87,0.048,31.27
08-May-2025 17:24:00,89,0.05,31.25
08-May-2025 17:25:00,87,0.026,31.27
08-May-2025 17:26:00,82,0.047,31.26
08-May-2025 17:27:00,86,0.026,31.24
08-May-2025 17:28:00,88,0.031,31.24
08-May-2025 17:29:00,91,0.138,31.24
08-May-2025 17:30:00,102,0.158,31.23
08-May-2025 17:31:00,96,0.187,31.16
08-May-2025 17:32:00,82,0.069,31.1
08-May-2025 17:33:00,82,0.054,31
08-May-2025 17:34:00,85,0.047,30.91
08-May-2025 17:35:00,81,0.037,30.81
08-May-2025 17:36:00,83,0.041,30.72
08-May-2025 17:37:00,77,0.062,30.64
08-May-2025 17:38:00,73,0.015,30.48
08-May-2025 17:39:00,84,0.037,30.41
08-May-2025 17:40:00,84,0.035,30.36
08-May-2025 17:41:00,84,0.04,30.37
08-May-2025 17:42:00,92,0.148,30.42
08-May-2025 17:43:00,81,0.133,30.42
08-May-2025 17:44:00,81,0.135,30.4
08-May-2025 17:45:00,74,0.237,30.45
08-May-2025 17:46:00,85,0.126,30.48
08-May-2025 17:47:00,71,0.103,30.48
08-May-2025 17:48:00,62,0.065,30.49
08-May-2025 17:49:00,62,0.12,30.54
08-May-2025 17:50:00,77,0.069,30.64
08-May-2025 17:51:00,88,0.106,30.7
08-May-2025 17:52:00,90,0.115,30.74
08-May-2025 17:53:00,85,0.049,30.76
08-May-2025 17:54:00,85,0.033,30.76
08-May-2025 17:55:00,83,0.04,30.77
08-May-2025 17:56:00,85,0.053,30.82
08-May-2025 17:57:00,88,0.058,30.86
08-May-2025 17:58:00,89,0.04,30.86
08-May-2025 17:59:00,83,0.025,30.88
08-May-2025 18:00:00,80,0.041,30.83
08-May-2025 18:01:00,79,0.006,30.79
08-May-2025 18:02:00,82,0.045,30.82
08-May-2025 18:03:00,82,0.063,30.9
08-May-2025 18:04:00,88,0.116,30.95
08-May-2025 18:05:00,86,0.014,30.9
08-May-2025 18:06:00,79,0.002,30.84
08-May-2025 18:07:00,87,0.022,30.81
08-May-2025 18:08:00,78,0.008,30.85
08-May-2025 18:09:00,80,0.013,30.86
08-May-2025 18:10:00,76,0.003,30.87
08-May-2025 18:11:00,76,0.004,30.82
08-May-2025 18:12:00,63,0.005,30.76
08-May-2025 18:13:00,80,0.004,30.7
08-May-2025 18:14:00,88,0.086,30.66
08-May-2025 18:15:00,79,0.068,30.65
08-May-2025 18:16:00,80,0.032,30.69
08-May-2025 18:17:00,83,0.022,30.72
08-May-2025 18:18:00,82,0.04,30.82
08-May-2025 18:19:00,86,0.025,30.89
08-May-2025 18:20:00,79,0.024,30.85
08-May-2025 18:21:00,83,0.045,30.73
08-May-2025 18:22:00,76,0.018,30.62
08-May-2025 18:23:00,78,0.005,30.53
08-May-2025 18:24:00,80,0.042,30.5
08-May-2025 18:25:00,89,0.216,30.49
08-May-2025 18:26:00,90,0.082,30.46
08-May-2025 18:27:00,94,0.077,30.45
08-May-2025 18:28:00,97,0.108,30.43
08-May-2025 18:29:00,97,0.112,30.44
08-May-2025 18:30:00,104,0.051,30.52
08-May-2025 18:31:00,96,0.064,30.57
08-May-2025 18:32:00,106,0.08,30.61
08-May-2025 18:33:00,92,0.14,30.64
08-May-2025 18:34:00,83,0.038,30.65
08-May-2025 18:35:00,79,0.012,30.64
08-May-2025 18:36:00,78,0.022,30.63
08-May-2025 18:37:00,78,0.032,30.67
08-May-2025 18:38:00,85,0.051,30.72
08-May-2025 18:39:00,89,0.031,30.79
08-May-2025 18:40:00,91,0.049,30.85
08-May-2025 18:41:00,91,0.143,30.84
08-May-2025 18:42:00,99,0.101,30.8
08-May-2025 18:43:00,88,0.065,30.7
08-May-2025 18:44:00,72,0.052,30.6
08-May-2025 18:45:00,82,0.012,30.54
08-May-2025 18:46:00,71,0.068,30.57
08-May-2025 18:47:00,87,0.033,30.59
08-May-2025 18:48:00,78,0.013,30.51
08-May-2025 18:49:00,78,0.037,30.36
08-May-2025 18:50:00,68,0.051,30.25
08-May-2025 18:51:00,73,0.015,30.16
08-May-2025 18:52:00,82,0.012,30.21
08-May-2025 18:53:00,72,0.014,30.33
08-May-2025 18:54:00,77,0.012,30.45
08-May-2025 18:55:00,80,0.018,30.55
08-May-2025 18:56:00,84,0.024,30.61
08-May-2025 18:57:00,76,0.052,30.62
08-May-2025 18:58:00,69,0.049,30.6
08-May-2025 18:59:00,77,0.068,30.6
08-May-2025 19:00:00,87,0.029,30.57
08-May-2025 19:01:00,90,0.013,30.55
08-May-2025 19:02:00,90,0.01,30.58
08-May-2025 19:03:00,86,0.007,30.66
08-May-2025 19:04:00,82,0.023,30.74
08-May-2025 19:05:00,89,0.028,30.8
08-May-2025 19:06:00,90,0.018,30.78
08-May-2025 19:07:00,91,0.012,30.77
08-May-2025 19:08:00,94,0.003,30.75
08-May-2025 19:09:00,90,0.009,30.8
08-May-2025 19:10:00,92,0.044,30.91
08-May-2025 19:11:00,98,0.057,30.97
08-May-2025 19:12:00,82,0.027,30.89
08-May-2025 19:13:00,78,0.013,30.73
08-May-2025 19:14:00,83,0.012,30.7
08-May-2025 19:15:00,78,0.014,30.73
08-May-2025 19:16:00,78,0.013,30.81
08-May-2025 19:17:00,84,0.013,30.92
08-May-2025 19:18:00,74,0.024,30.92
08-May-2025 19:19:00,76,0.027,30.85
08-May-2025 19:20:00,78,0.005,30.86
08-May-2025 19:21:00,81,0.021,30.92
08-May-2025 19:22:00,80,0.031,30.9
08-May-2025 19:23:00,83,0.02,30.78
08-May-2025 19:24:00,84,0.026,30.65
08-May-2025 19:25:00,78,0.013,30.46
08-May-2025 19:26:00,49,0.005,30.27
08-May-2025 19:27:00,80,0.009,30.31
08-May-2025 19:28:00,82,0.013,30.44
08-May-2025 19:29:00,80,0.016,30.56
08-May-2025 19:30:00,77,0.009,30.65
08-May-2025 19:31:00,78,0.008,30.78
08-May-2025 19:32:00,80,0.059,30.88
08-May-2025 19:33:00,74,0.01,30.82
08-May-2025 19:34:00,78,0.032,30.59
08-May-2025 19:35:00,84,0.019,30.43
08-May-2025 19:36:00,79,0.06,30.27
08-May-2025 19:37:00,78,0.026,30.03
08-May-2025 19:38:00,74,0.012,29.74
08-May-2025 19:39:00,76,0.011,29.6
08-May-2025 19:40:00,80,0.031,29.68
08-May-2025 19:41:00,72,0.029,29.62
08-May-2025 19:42:00,81,0.035,29.49
08-May-2025 19:43:00,80,0.027,29.37
08-May-2025 19:44:00,82,0.011,29.25
08-May-2025 19:45:00,81,0.025,29.19
08-May-2025 19:46:00,78,0.006,29.23
08-May-2025 19:47:00,79,0.026,29.4
08-May-2025 19:48:00,75,0.027,29.61
08-May-2025 19:49:00,79,0.013,29.74
08-May-2025 19:50:00,80,0.017,29.74
08-May-2025 19:51:00,77,0.035,29.79
08-May-2025 19:52:00,83,0.026,29.69
08-May-2025 19:53:00,74,0.007,29.51
08-May-2025 19:54:00,75,0.003,29.47
08-May-2025 19:55:00,75,0.024,29.55
08-May-2025 19:56:00,75,0.007,29.68
08-May-2025 19:57:00,82,0.031,29.84
08-May-2025 19:58:00,82,0.03,29.96
08-May-2025 19:59:00,77,0.006,30.01
08-May-2025 20:00:00,76,0.02,30.12
08-May-2025 20:01:00,78,0.041,30.21
08-May-2025 20:02:00,62,0.008,30.09
08-May-2025 20:03:00,75,0.008,30.06
08-May-2025 20:04:00,74,0.01,30.11
08-May-2025 20:05:00,71,0.011,30.18
08-May-2025 20:06:00,74,0.008,30.28
08-May-2025 20:07:00,74,0.007,30.42
08-May-2025 20:08:00,73,0.052,30.54
08-May-2025 20:09:00,71,0.009,30.61
08-May-2025 20:10:00,85,0.009,30.63
08-May-2025 20:11:00,74,0.01,30.56
08-May-2025 20:12:00,67,0.011,30.52
08-May-2025 20:13:00,67,0.03,30.46
08-May-2025 20:14:00,64,0.031,30.37
08-May-2025 20:15:00,81,0.011,30.36
08-May-2025 20:16:00,86,0.01,30.35
08-May-2025 20:17:00,87,0.06,30.35
08-May-2025 20:18:00,70,0.097,30.35
08-May-2025 20:19:00,70,0.138,30.25
08-May-2025 20:20:00,62,0.145,30.06
08-May-2025 20:21:00,78,0.228,29.79
08-May-2025 20:22:00,107,0.283,29.47
08-May-2025 20:23:00,104,0.202,29.21
08-May-2025 20:24:00,118,0.072,29.06
08-May-2025 20:25:00,91,0.054,28.99
08-May-2025 20:26:00,84,0.06,28.94
08-May-2025 20:27:00,84,0.069,28.91
08-May-2025 20:28:00,95,0.186,28.85
08-May-2025 20:29:00,89,0.262,28.82
08-May-2025 20:30:00,79,0.121,28.84
08-May-2025 20:31:00,87,0.244,28.88
08-May-2025 20:32:00,95,0.218,28.93
08-May-2025 20:33:00,75,0.156,28.94
08-May-2025 20:34:00,111,0.321,28.89
08-May-2025 20:35:00,96,0.122,28.78
08-May-2025 20:36:00,70,0.035,28.74
08-May-2025 20:37:00,70,0.038,28.65
08-May-2025 20:38:00,68,0.019,28.59
08-May-2025 20:39:00,75,0.04,28.55
08-May-2025 20:40:00,72,0.154,28.51
08-May-2025 20:41:00,78,0.079,28.46
08-May-2025 20:42:00,68,0.114,28.48
08-May-2025 20:43:00,65,0.002,28.46
08-May-2025 20:44:00,65,0.007,28.38
08-May-2025 20:45:00,65,0.005,28.3
08-May-2025 20:46:00,68,0.012,28.25
08-May-2025 20:47:00,81,0.075,28.23
08-May-2025 20:48:00,92,0.016,28.24
08-May-2025 20:49:00,90,0.018,28.28
08-May-2025 20:50:00,99,0.019,28.36
08-May-2025 20:51:00,92,0.015,28.47
08-May-2025 20:52:00,84,0.003,28.55
08-May-2025 20:53:00,87,0.003,28.59
08-May-2025 20:54:00,86,0.003,28.61
08-May-2025 20:55:00,89,0.008,28.62
08-May-2025 20:56:00,89,0.005,28.61
08-May-2025 20:57:00,85,0.006,28.6
08-May-2025 20:58:00,89,0.022,28.59
08-May-2025 20:59:00,88,0.015,28.58
08-May-2025 21:00:00,91,0.013,28.57
08-May-2025 21:01:00,88,0.049,28.49
08-May-2025 21:02:00,75,0.023,28.38
08-May-2025 21:03:00,83,0.045,28.34
08-May-2025 21:04:00,73,0.039,28.36
08-May-2025 21:05:00,89,0.008,28.43
08-May-2025 21:06:00,88,0.004,28.44
08-May-2025 21:07:00,90,0.005,28.43
08-May-2025 21:08:00,89,0.003,28.41
08-May-2025 21:09:00,91,0.014,28.39
08-May-2025 21:10:00,89,0.003,28.41
08-May-2025 21:11:00,90,0.011,28.4
08-May-2025 21:12:00,94,0.013,28.42
08-May-2025 21:13:00,96,0.011,28.52
08-May-2025 21:14:00,94,0.013,28.7
08-May-2025 21:15:00,68,0.003,28.81
08-May-2025 21:16:00,37,0.001,28.9
08-May-2025 21:17:00,77,0.001,29.08
08-May-2025 21:18:00,78,0.004,29.29
08-May-2025 21:19:00,81,0.01,29.59
08-May-2025 21:20:00,78,0.003,29.81
08-May-2025 21:21:00,81,0.023,29.87
08-May-2025 21:22:00,91,0.049,29.92
08-May-2025 21:23:00,92,0.055,29.97
08-May-2025 21:24:00,89,0.062,30
08-May-2025 21:25:00,88,0.088,30
08-May-2025 21:26:00,89,0.094,30.01
08-May-2025 21:27:00,71,0.056,30.07
08-May-2025 21:28:00,59,0.093,30.13
08-May-2025 21:29:00,68,0.079,30.21
08-May-2025 21:30:00,78,0.07,30.34
08-May-2025 21:31:00,85,0.112,30.51
08-May-2025 21:32:00,74,0.086,30.7
08-May-2025 21:33:00,63,0.091,30.85
08-May-2025 21:34:00,69,0.055,30.95
08-May-2025 21:35:00,69,0.082,31.12
08-May-2025 21:36:00,77,0.115,31.14
08-May-2025 21:37:00,77,0.037,31.11
08-May-2025 21:38:00,78,0.012,31.04
08-May-2025 21:39:00,76,0.001,30.93
08-May-2025 21:40:00,71,0.007,30.96
08-May-2025 21:41:00,79,0.025,31.11
08-May-2025 21:42:00,75,0.024,31.3
08-May-2025 21:43:00,88,0.083,31.42
08-May-2025 21:44:00,87,0.055,31.45
08-May-2025 21:45:00,67,0.006,31.4
08-May-2025 21:46:00,94,0.021,31.32
08-May-2025 21:47:00,87,0.015,31.27
08-May-2025 21:48:00,81,0.018,31.21
08-May-2025 21:49:00,75,0.009,31.15
08-May-2025 21:50:00,68,0.002,31.1
08-May-2025 21:51:00,85,0.019,31.12
08-May-2025 21:52:00,84,0.008,31.19
08-May-2025 21:53:00,85,0.009,31.16
08-May-2025 21:54:00,93,0.033,31.12
08-May-2025 21:55:00,85,0.007,31.06
08-May-2025 21:56:00,78,0.019,30.94
08-May-2025 21:57:00,77,0.009,30.87
08-May-2025 21:58:00,78,0.003,30.77
08-May-2025 21:59:00,78,0.003,30.72
08-May-2025 22:00:00,78,0.002,30.74
08-May-2025 22:01:00,91,0.115,30.8
08-May-2025 22:02:00,89,0.052,30.87
08-May-2025 22:03:00,78,0.058,30.87
08-May-2025 22:04:00,76,0.073,30.83
08-May-2025 22:05:00,74,0.013,30.76
08-May-2025 22:06:00,79,0.03,30.7
08-May-2025 22:07:00,82,0.011,30.68
08-May-2025 22:08:00,78,0.041,30.66
08-May-2025 22:09:00,84,0.019,30.72
08-May-2025 22:10:00,79,0.018,30.8
08-May-2025 22:11:00,87,0.015,30.85
08-May-2025 22:12:00,87,0.01,30.87
08-May-2025 22:13:00,87,0.01,30.96
08-May-2025 22:14:00,81,0.016,31.05
08-May-2025 22:15:00,77,0.004,31.09
08-May-2025 22:16:00,79,0.025,31.06
08-May-2025 22:17:00,95,0.022,31.01
08-May-2025 22:18:00,77,0.059,30.99
08-May-2025 22:19:00,90,0.025,31.07
08-May-2025 22:20:00,86,0.042,31.11
08-May-2025 22:21:00,79,0.032,31.21
08-May-2025 22:22:00,74,0.006,31.28
08-May-2025 22:23:00,75,0.012,31.33
08-May-2025 22:24:00,72,0.01,31.28
08-May-2025 22:25:00,74,0.012,31.29
08-May-2025 22:26:00,70,0.041,31.32
08-May-2025 22:27:00,68,0.025,31.3
08-May-2025 22:28:00,63,0.004,31.25
08-May-2025 22:29:00,71,0.026,31.16
08-May-2025 22:30:00,68,0.005,31.09
08-May-2025 22:31:00,74,0.014,31.03
08-May-2025 22:32:00,74,0.035,31.06
08-May-2025 22:33:00,68,0.08,31.1
08-May-2025 22:34:00,69,0.035,31.07
08-May-2025 22:35:00,72,0.067,31.09
08-May-2025 22:36:00,89,0.003,31.1
08-May-2025 22:37:00,87,0.065,31.11
08-May-2025 22:38:00,83,0.084,31.12
08-May-2025 22:39:00,75,0.025,31.1
08-May-2025 22:40:00,72,0.031,31.01
08-May-2025 22:41:00,72,0.044,30.88
08-May-2025 22:42:00,70,0.03,30.69
08-May-2025 22:43:00,78,0.038,30.64
08-May-2025 22:44:00,79,0.057,30.55
08-May-2025 22:45:00,68,0.014,30.44
08-May-2025 22:46:00,79,0.031,30.31
08-May-2025 22:47:00,83,0.035,30.23
08-May-2025 22:48:00,83,0.043,30.19
08-May-2025 22:49:00,87,0.1,30.13
08-May-2025 22:50:00,89,0.098,30.04
08-May-2025 22:51:00,93,0.083,29.97
08-May-2025 22:52:00,83,0.102,29.99
08-May-2025 22:53:00,60,0.077,30.02
08-May-2025 22:54:00,52,0.079,30.12
08-May-2025 22:55:00,55,0.109,30.22
08-May-2025 22:56:00,79,0.091,30.23
08-May-2025 22:57:00,93,0.071,30.23
08-May-2025 22:58:00,95,0.124,30.27
08-May-2025 22:59:00,NaN,NaN,NaN
08-May-2025 23:00:00,NaN,NaN,NaN
08-May-2025 23:01:00,NaN,NaN,NaN
08-May-2025 23:02:00,NaN,NaN,NaN
08-May-2025 23:03:00,NaN,NaN,NaN
08-May-2025 23:04:00,NaN,NaN,NaN
08-May-2025 23:05:00,NaN,NaN,NaN
08-May-2025 23:06:00,NaN,NaN,NaN
08-May-2025 23:07:00,NaN,NaN,NaN
08-May-2025 23:08:00,NaN,NaN,NaN
08-May-2025 23:09:00,NaN,NaN,NaN
08-May-2025 23:10:00,NaN,NaN,NaN
08-May-2025 23:11:00,NaN,NaN,NaN
08-May-2025 23:12:00,NaN,NaN,NaN
08-May-2025 23:13:00,NaN,NaN,NaN
08-May-2025 23:14:00,NaN,NaN,NaN
08-May-2025 23:15:00,NaN,NaN,NaN
08-May-2025 23:16:00,NaN,NaN,NaN
08-May-2025 23:17:00,NaN,NaN,NaN
08-May-2025 23:18:00,NaN,NaN,NaN
08-May-2025 23:19:00,NaN,NaN,NaN
08-May-2025 23:20:00,NaN,NaN,NaN
08-May-2025 23:21:00,NaN,NaN,NaN
08-May-2025 23:22:00,NaN,NaN,NaN
08-May-2025 23:23:00,NaN,NaN,NaN
08-May-2025 23:24:00,NaN,NaN,NaN
08-May-2025 23:25:00,NaN,NaN,NaN
08-May-2025 23:26:00,NaN,NaN,NaN
08-May-2025 23:27:00,NaN,NaN,NaN
08-May-2025 23:28:00,NaN,NaN,NaN
08-May-2025 23:29:00,NaN,NaN,NaN
08-May-2025 23:30:00,NaN,NaN,NaN
08-May-2025 23:31:00,NaN,NaN,NaN
08-May-2025 23:32:00,NaN,0.154,23.37
08-May-2025 23:33:00,NaN,0.099,25.3
08-May-2025 23:34:00,67,0.079,26.39
08-May-2025 23:35:00,NaN,0.496,27.72
08-May-2025 23:36:00,72,0.022,27.82
08-May-2025 23:37:00,65,0.003,28.02
08-May-2025 23:38:00,66,0.004,28.39
08-May-2025 23:39:00,69,0.022,28.81
08-May-2025 23:40:00,82,0.022,29.16
08-May-2025 23:41:00,65,0.028,29.52
08-May-2025 23:42:00,67,0.002,29.51
08-May-2025 23:43:00,72,0.016,29.43
08-May-2025 23:44:00,NaN,0.496,29.72
08-May-2025 23:45:00,80,0.016,29.8
08-May-2025 23:46:00,72,0.001,29.96
08-May-2025 23:47:00,75,0.002,30.21
08-May-2025 23:48:00,NaN,0.325,30.58
08-May-2025 23:49:00,78,0.016,30.71
08-May-2025 23:50:00,74,0.002,30.94
08-May-2025 23:51:00,77,0.003,31.06
08-May-2025 23:52:00,74,0.001,31.18
08-May-2025 23:53:00,75,0.001,31.32
08-May-2025 23:54:00,NaN,NaN,NaN
08-May-2025 23:55:00,NaN,0.639,31.5
08-May-2025 23:56:00,NaN,NaN,NaN
08-May-2025 23:57:00,NaN,NaN,NaN
08-May-2025 23:58:00,NaN,NaN,NaN
08-May-2025 23:59:00,NaN,0.496,31.83
09-May-2025 00:00:00,74,0.061,31.8
09-May-2025 00:01:00,76,0.003,31.79
09-May-2025 00:02:00,75,0.007,31.92
09-May-2025 00:03:00,78,0.001,31.91
09-May-2025 00:04:00,NaN,0.006,31.99
09-May-2025 00:05:00,NaN,0.004,32.16
09-May-2025 00:06:00,74,0.032,32.19
09-May-2025 00:07:00,80,0.011,32.07
09-May-2025 00:08:00,78,0.005,31.85
09-May-2025 00:09:00,NaN,NaN,NaN
09-May-2025 00:10:00,NaN,0.07,31.66
09-May-2025 00:11:00,NaN,NaN,NaN
09-May-2025 00:12:00,NaN,0.195,31.91
09-May-2025 00:13:00,81,0.009,32.04
09-May-2025 00:14:00,78,0.001,32.14
09-May-2025 00:15:00,83,0.005,32.21
09-May-2025 00:16:00,77,0.002,32.29
09-May-2025 00:17:00,75,0.001,32.46
09-May-2025 00:18:00,78,0.064,32.56
09-May-2025 00:19:00,NaN,0.298,32.65
09-May-2025 00:20:00,53,0.003,32.65
09-May-2025 00:21:00,47,0.077,32.72
09-May-2025 00:22:00,NaN,0.24,32.57
09-May-2025 00:23:00,NaN,0.058,32.62
09-May-2025 00:24:00,90,0.043,32.6
09-May-2025 00:25:00,70,0.028,32.54
09-May-2025 00:26:00,76,0.006,32.35
09-May-2025 00:27:00,96,0.04,32.14
09-May-2025 00:28:00,76,0.051,32.11
09-May-2025 00:29:00,NaN,0.079,31.96
09-May-2025 00:30:00,NaN,NaN,NaN
09-May-2025 00:31:00,NaN,0.102,31.78
09-May-2025 00:32:00,72,0.002,31.65
09-May-2025 00:33:00,72,0.001,31.59
09-May-2025 00:34:00,71,0.001,31.65
09-May-2025 00:35:00,71,0.012,31.78
09-May-2025 00:36:00,75,0.002,32.12
09-May-2025 00:37:00,72,0.004,32.28
09-May-2025 00:38:00,72,0.001,32.38
09-May-2025 00:39:00,73,0.003,32.45
09-May-2025 00:40:00,72,0.001,32.52
09-May-2025 00:41:00,72,0.001,32.6
09-May-2025 00:42:00,73,0.015,32.65
09-May-2025 00:43:00,73,0.008,32.71
09-May-2025 00:44:00,73,0.01,32.73
09-May-2025 00:45:00,73,0.012,32.62
09-May-2025 00:46:00,77,0.06,32.44
09-May-2025 00:47:00,70,0.041,32.35
09-May-2025 00:48:00,70,0.001,32.18
09-May-2025 00:49:00,68,0.001,32.07
09-May-2025 00:50:00,70,0.001,32.03
09-May-2025 00:51:00,69,0.001,32.01
09-May-2025 00:52:00,70,0.001,32
09-May-2025 00:53:00,70,0.003,32
09-May-2025 00:54:00,68,0.001,31.97
09-May-2025 00:55:00,72,0.001,31.97
09-May-2025 00:56:00,72,0.001,31.99
09-May-2025 00:57:00,69,0.001,32.01
09-May-2025 00:58:00,70,0.001,32.01
09-May-2025 00:59:00,71,0.011,32.01
09-May-2025 01:00:00,72,0.007,32.11
09-May-2025 01:01:00,70,0.001,32.04
09-May-2025 01:02:00,71,0.001,32
09-May-2025 01:03:00,71,0.001,32.02
09-May-2025 01:04:00,70,0.001,32.06
09-May-2025 01:05:00,68,0.001,32.12
09-May-2025 01:06:00,71,0.001,32.21
09-May-2025 01:07:00,71,0.001,32.32
09-May-2025 01:08:00,70,0.001,32.43
09-May-2025 01:09:00,70,0.001,32.53
09-May-2025 01:10:00,71,0.001,32.62
09-May-2025 01:11:00,71,0.001,32.74
09-May-2025 01:12:00,71,0.001,32.88
09-May-2025 01:13:00,72,0.001,32.99
09-May-2025 01:14:00,72,0.001,33.12
09-May-2025 01:15:00,72,0.001,33.23
09-May-2025 01:16:00,73,0.001,33.35
09-May-2025 01:17:00,73,0.001,33.44
09-May-2025 01:18:00,74,0.001,33.53
09-May-2025 01:19:00,73,0.001,33.62
09-May-2025 01:20:00,73,0.001,33.68
09-May-2025 01:21:00,73,0.001,33.75
09-May-2025 01:22:00,74,0.001,33.81
09-May-2025 01:23:00,72,0.001,33.86
09-May-2025 01:24:00,72,0.001,33.9
09-May-2025 01:25:00,73,0.001,33.95
09-May-2025 01:26:00,74,0.007,33.99
09-May-2025 01:27:00,72,0.055,33.81
09-May-2025 01:28:00,74,0.025,33.88
09-May-2025 01:29:00,70,0.001,34
09-May-2025 01:30:00,73,0.001,34.06
09-May-2025 01:31:00,72,0.001,34.1
09-May-2025 01:32:00,73,0.001,34.13
09-May-2025 01:33:00,74,0.001,34.16
09-May-2025 01:34:00,74,0.001,34.19
09-May-2025 01:35:00,75,0.001,34.22
09-May-2025 01:36:00,76,0.001,34.26
09-May-2025 01:37:00,76,0.001,34.3
09-May-2025 01:38:00,76,0.001,34.33
09-May-2025 01:39:00,76,0.001,34.36
09-May-2025 01:40:00,76,0.001,34.4
09-May-2025 01:41:00,75,0.001,34.43
09-May-2025 01:42:00,76,0.001,34.46
09-May-2025 01:43:00,76,0.001,34.5
09-May-2025 01:44:00,77,0.001,34.53
09-May-2025 01:45:00,77,0.001,34.55
09-May-2025 01:46:00,76,0.001,34.57
09-May-2025 01:47:00,76,0.001,34.6
09-May-2025 01:48:00,76,0.002,34.63
09-May-2025 01:49:00,75,0.001,34.66
09-May-2025 01:50:00,76,0.001,34.69
09-May-2025 01:51:00,75,0.001,34.73
09-May-2025 01:52:00,76,0.001,34.75
09-May-2025 01:53:00,76,0.001,34.78
09-May-2025 01:54:00,77,0.001,34.81
09-May-2025 01:55:00,77,0.001,34.83
09-May-2025 01:56:00,78,0.001,34.85
09-May-2025 01:57:00,79,0.001,34.87
09-May-2025 01:58:00,79,0.001,34.9
09-May-2025 01:59:00,78,0.001,34.92
09-May-2025 02:00:00,79,0.001,34.94
09-May-2025 02:01:00,79,0.001,34.97
09-May-2025 02:02:00,78,0.001,35
09-May-2025 02:03:00,79,0.001,35.03
09-May-2025 02:04:00,79,0.001,35.06
09-May-2025 02:05:00,78,0.001,35.08
09-May-2025 02:06:00,89,0.026,35.1
09-May-2025 02:07:00,76,0.009,35.01
09-May-2025 02:08:00,73,0.001,34.93
09-May-2025 02:09:00,74,0.001,34.91
09-May-2025 02:10:00,71,0.003,34.93
09-May-2025 02:11:00,73,0.009,34.95
09-May-2025 02:12:00,73,0.001,34.92
09-May-2025 02:13:00,71,0.001,34.88
09-May-2025 02:14:00,71,0.001,34.82
09-May-2025 02:15:00,73,0.001,34.76
09-May-2025 02:16:00,76,0.001,34.7
09-May-2025 02:17:00,76,0.001,34.65
09-May-2025 02:18:00,75,0.002,34.59
09-May-2025 02:19:00,73,0.001,34.54
09-May-2025 02:20:00,75,0.001,34.49
09-May-2025 02:21:00,74,0.001,34.46
09-May-2025 02:22:00,76,0.001,34.42
09-May-2025 02:23:00,69,0.032,34.39
09-May-2025 02:24:00,74,0.001,34.31
09-May-2025 02:25:00,73,0.001,34.24
09-May-2025 02:26:00,75,0.001,34.23
09-May-2025 02:27:00,72,0.001,34.26
09-May-2025 02:28:00,74,0.001,34.3
09-May-2025 02:29:00,75,0.001,34.34
09-May-2025 02:30:00,75,0.001,34.4
09-May-2025 02:31:00,77,0.001,34.44
09-May-2025 02:32:00,75,0.001,34.49
09-May-2025 02:33:00,75,0.001,34.53
09-May-2025 02:34:00,74,0.001,34.58
09-May-2025 02:35:00,72,0.001,34.61
09-May-2025 02:36:00,73,0.001,34.64
09-May-2025 02:37:00,73,0.001,34.67
09-May-2025 02:38:00,71,0.001,34.7
09-May-2025 02:39:00,71,0.001,34.73
09-May-2025 02:40:00,72,0.001,34.76
09-May-2025 02:41:00,73,0.001,34.77
09-May-2025 02:42:00,74,0.001,34.79
09-May-2025 02:43:00,75,0.021,34.79
09-May-2025 02:44:00,71,0.001,34.69
09-May-2025 02:45:00,70,0.001,34.53
09-May-2025 02:46:00,71,0.001,34.42
09-May-2025 02:47:00,71,0.001,34.37
09-May-2025 02:48:00,71,0.001,34.35
09-May-2025 02:49:00,70,0.001,34.36
09-May-2025 02:50:00,70,0.001,34.38
09-May-2025 02:51:00,70,0.001,34.4
09-May-2025 02:52:00,70,0.001,34.43
09-May-2025 02:53:00,71,0.001,34.47
09-May-2025 02:54:00,71,0.001,34.51
09-May-2025 02:55:00,71,0.001,34.54
09-May-2025 02:56:00,70,0.001,34.58
09-May-2025 02:57:00,71,0.001,34.61
09-May-2025 02:58:00,71,0.001,34.65
09-May-2025 02:59:00,70,0.001,34.68
09-May-2025 03:00:00,69,0.001,34.72
09-May-2025 03:01:00,70,0.001,34.75
09-May-2025 03:02:00,71,0.001,34.78
09-May-2025 03:03:00,71,0.001,34.81
09-May-2025 03:04:00,71,0.001,34.84
09-May-2025 03:05:00,71,0.001,34.87
09-May-2025 03:06:00,71,0.001,34.91
09-May-2025 03:07:00,70,0.001,34.95
09-May-2025 03:08:00,72,0.001,34.98
09-May-2025 03:09:00,71,0.001,35.01
09-May-2025 03:10:00,71,0.001,35.04
09-May-2025 03:11:00,70,0.001,35.06
09-May-2025 03:12:00,71,0.001,35.08
09-May-2025 03:13:00,72,0.001,35.1
09-May-2025 03:14:00,77,0.006,35.12
09-May-2025 03:15:00,74,0.118,35.06
09-May-2025 03:16:00,68,0.002,34.73
09-May-2025 03:17:00,72,0.012,34.51
09-May-2025 03:18:00,71,0.001,34.38
09-May-2025 03:19:00,71,0.001,34.31
09-May-2025 03:20:00,71,0.001,34.25
09-May-2025 03:21:00,72,0.001,34.19
09-May-2025 03:22:00,72,0.001,34.15
09-May-2025 03:23:00,72,0.001,34.09
09-May-2025 03:24:00,72,0.001,34.07
09-May-2025 03:25:00,73,0.001,34.04
09-May-2025 03:26:00,73,0.001,34.02
09-May-2025 03:27:00,76,0.013,34
09-May-2025 03:28:00,72,0.001,33.81
09-May-2025 03:29:00,72,0.001,33.57
09-May-2025 03:30:00,72,0.001,33.37
09-May-2025 03:31:00,73,0.001,33.2
09-May-2025 03:32:00,72,0.001,33.07
09-May-2025 03:33:00,72,0.001,32.96
09-May-2025 03:34:00,73,0.001,32.88
09-May-2025 03:35:00,73,0.001,32.83
09-May-2025 03:36:00,72,0.001,32.78
09-May-2025 03:37:00,71,0.001,32.71
09-May-2025 03:38:00,72,0.001,32.65
09-May-2025 03:39:00,72,0.001,32.61
09-May-2025 03:40:00,72,0.001,32.57
09-May-2025 03:41:00,72,0.001,32.54
09-May-2025 03:42:00,72,0.001,32.53
09-May-2025 03:43:00,73,0.001,32.53
09-May-2025 03:44:00,72,0.001,32.53
09-May-2025 03:45:00,73,0.001,32.53
09-May-2025 03:46:00,78,0.006,32.59
09-May-2025 03:47:00,78,0.035,32.8
09-May-2025 03:48:00,71,0.001,33.13
09-May-2025 03:49:00,71,0.001,33.25
09-May-2025 03:50:00,71,0.001,33.33
09-May-2025 03:51:00,69,0.001,33.4
09-May-2025 03:52:00,76,0.004,33.44
09-May-2025 03:53:00,68,0.001,33.51
09-May-2025 03:54:00,70,0.001,33.6
09-May-2025 03:55:00,71,0.001,33.67
09-May-2025 03:56:00,70,0.001,33.73
09-May-2025 03:57:00,68,0.061,33.66
09-May-2025 03:58:00,68,0.001,33.56
09-May-2025 03:59:00,67,0.001,33.56
09-May-2025 04:00:00,67,0.001,33.6
09-May-2025 04:01:00,68,0.001,33.66
09-May-2025 04:02:00,70,0.001,33.72
09-May-2025 04:03:00,71,0.001,33.79
09-May-2025 04:04:00,72,0.002,33.85
09-May-2025 04:05:00,70,0.002,33.89
09-May-2025 04:06:00,74,0.001,33.94
09-May-2025 04:07:00,76,0.001,33.99
09-May-2025 04:08:00,70,0.001,34.03
09-May-2025 04:09:00,73,0.001,34.07
09-May-2025 04:10:00,74,0.001,34.11
09-May-2025 04:11:00,74,0.001,34.14
09-May-2025 04:12:00,66,0.036,34.09
09-May-2025 04:13:00,72,0.001,34
09-May-2025 04:14:00,73,0.001,33.94
09-May-2025 04:15:00,76,0.001,33.89
09-May-2025 04:16:00,72,0.019,33.83
09-May-2025 04:17:00,67,0.001,33.68
09-May-2025 04:18:00,67,0.001,33.61
09-May-2025 04:19:00,69,0.001,33.58
09-May-2025 04:20:00,68,0.001,33.57
09-May-2025 04:21:00,68,0.001,33.57
09-May-2025 04:22:00,75,0.001,33.57
09-May-2025 04:23:00,80,0.006,33.6
09-May-2025 04:24:00,75,0.09,33.58
09-May-2025 04:25:00,73,0.001,33.5
09-May-2025 04:26:00,74,0.001,33.56
09-May-2025 04:27:00,72,0.001,33.65
09-May-2025 04:28:00,72,0.005,33.59
09-May-2025 04:29:00,70,0.029,33.6
09-May-2025 04:30:00,70,0.002,33.6
09-May-2025 04:31:00,76,0.021,33.59
09-May-2025 04:32:00,71,0.001,33.58
09-May-2025 04:33:00,72,0.001,33.59
09-May-2025 04:34:00,72,0.001,33.61
09-May-2025 04:35:00,72,0.001,33.64
09-May-2025 04:36:00,70,0.001,33.68
09-May-2025 04:37:00,71,0.001,33.71
09-May-2025 04:38:00,72,0.001,33.74
09-May-2025 04:39:00,72,0.001,33.79
09-May-2025 04:40:00,70,0.001,33.81
09-May-2025 04:41:00,74,0.001,33.84
09-May-2025 04:42:00,66,0.001,33.86
09-May-2025 04:43:00,69,0.001,33.89
09-May-2025 04:44:00,70,0.001,33.91
09-May-2025 04:45:00,70,0.001,33.94
09-May-2025 04:46:00,71,0.001,33.96
09-May-2025 04:47:00,70,0.001,33.98
09-May-2025 04:48:00,70,0.001,34
09-May-2025 04:49:00,72,0.001,34.02
09-May-2025 04:50:00,70,0.001,34.05
09-May-2025 04:51:00,71,0.001,34.06
09-May-2025 04:52:00,71,0.001,34.08
09-May-2025 04:53:00,72,0.001,34.1
09-May-2025 04:54:00,72,0.001,34.12
09-May-2025 04:55:00,71,0.001,34.13
09-May-2025 04:56:00,71,0.001,34.15
09-May-2025 04:57:00,72,0.001,34.16
09-May-2025 04:58:00,72,0.001,34.18
09-May-2025 04:59:00,72,0.001,34.2
09-May-2025 05:00:00,72,0.001,34.22
09-May-2025 05:01:00,72,0.001,34.23
09-May-2025 05:02:00,72,0.001,34.24
09-May-2025 05:03:00,73,0.001,34.25
09-May-2025 05:04:00,72,0.001,34.26
09-May-2025 05:05:00,75,0.001,34.26
09-May-2025 05:06:00,69,0.001,34.24
09-May-2025 05:07:00,67,0.042,34.2
09-May-2025 05:08:00,66,0.001,34.15
09-May-2025 05:09:00,68,0.001,34.11
09-May-2025 05:10:00,67,0.001,34.08
09-May-2025 05:11:00,67,0.001,34.06
09-May-2025 05:12:00,68,0.001,34.05
09-May-2025 05:13:00,67,0.001,34.05
09-May-2025 05:14:00,68,0.001,34.07
09-May-2025 05:15:00,69,0.001,34.08
09-May-2025 05:16:00,71,0.006,34.09
09-May-2025 05:17:00,67,0.001,34.08
09-May-2025 05:18:00,67,0.001,34.09
09-May-2025 05:19:00,72,0.002,34.1
09-May-2025 05:20:00,66,0.001,34.13
09-May-2025 05:21:00,71,0.011,34.15
09-May-2025 05:22:00,68,0.001,34.15
09-May-2025 05:23:00,67,0.001,34.14
09-May-2025 05:24:00,67,0.001,34.13
09-May-2025 05:25:00,61,0.026,34.11
09-May-2025 05:26:00,66,0.001,34.05
09-May-2025 05:27:00,66,0.002,34.02
09-May-2025 05:28:00,69,0.001,33.97
09-May-2025 05:29:00,68,0.002,33.93
09-May-2025 05:30:00,67,0.002,33.9
09-May-2025 05:31:00,70,0.001,33.87
09-May-2025 05:32:00,68,0.002,33.83
09-May-2025 05:33:00,70,0.002,33.81
09-May-2025 05:34:00,69,0.002,33.76
09-May-2025 05:35:00,73,0.002,33.69
09-May-2025 05:36:00,74,0.001,33.63
09-May-2025 05:37:00,75,0.002,33.57
09-May-2025 05:38:00,90,0.025,33.49
09-May-2025 05:39:00,68,0.001,33.39
09-May-2025 05:40:00,74,0.001,33.35
09-May-2025 05:41:00,79,0.003,33.35
09-May-2025 05:42:00,77,0.001,33.38
09-May-2025 05:43:00,73,0.001,33.43
09-May-2025 05:44:00,72,0.001,33.48
09-May-2025 05:45:00,73,0.045,33.53
09-May-2025 05:46:00,68,0.043,33.5
09-May-2025 05:47:00,69,0.001,33.56
09-May-2025 05:48:00,70,0.001,33.69
09-May-2025 05:49:00,70,0.001,33.81
09-May-2025 05:50:00,72,0.001,33.9
09-May-2025 05:51:00,72,0.001,34
09-May-2025 05:52:00,71,0.001,34.1
09-May-2025 05:53:00,70,0.001,34.18
09-May-2025 05:54:00,69,0.001,34.26
09-May-2025 05:55:00,71,0.001,34.33
09-May-2025 05:56:00,70,0.001,34.4
09-May-2025 05:57:00,71,0.001,34.46
09-May-2025 05:58:00,70,0.001,34.51
09-May-2025 05:59:00,65,0.033,34.58
09-May-2025 06:00:00,66,0.001,34.69
09-May-2025 06:01:00,74,0.011,34.79
09-May-2025 06:02:00,70,0.002,34.83
09-May-2025 06:03:00,71,0.001,34.78
09-May-2025 06:04:00,67,0.001,34.71
09-May-2025 06:05:00,74,0.001,34.65
09-May-2025 06:06:00,71,0.001,34.59
09-May-2025 06:07:00,70,0.001,34.54
09-May-2025 06:08:00,72,0.001,34.49
09-May-2025 06:09:00,72,0.039,34.4
09-May-2025 06:10:00,68,0.001,34.33
09-May-2025 06:11:00,68,0.001,34.34
09-May-2025 06:12:00,71,0.011,34.37
09-May-2025 06:13:00,64,0.001,34.37
09-May-2025 06:14:00,67,0.02,34.34
09-May-2025 06:15:00,64,0.002,34.28
09-May-2025 06:16:00,66,0.001,34.21
09-May-2025 06:17:00,65,0.001,34.19
09-May-2025 06:18:00,63,0.001,34.16
09-May-2025 06:19:00,65,0.053,34.12
09-May-2025 06:20:00,65,0.029,34.05
09-May-2025 06:21:00,70,0.001,34.05
09-May-2025 06:22:00,69,0.001,34.09
09-May-2025 06:23:00,68,0.001,34.15
09-May-2025 06:24:00,69,0.001,34.21
09-May-2025 06:25:00,68,0.001,34.25
09-May-2025 06:26:00,69,0.001,34.29
09-May-2025 06:27:00,69,0.001,34.33
09-May-2025 06:28:00,69,0.001,34.38
09-May-2025 06:29:00,70,0.001,34.41
09-May-2025 06:30:00,71,0.001,34.45
09-May-2025 06:31:00,75,0.016,34.48
09-May-2025 06:32:00,67,0.001,34.56
09-May-2025 06:33:00,70,0.001,34.67
09-May-2025 06:34:00,69,0.001,34.77
09-May-2025 06:35:00,69,0.001,34.87
09-May-2025 06:36:00,69,0.003,34.94
09-May-2025 06:37:00,71,0.001,35.01
09-May-2025 06:38:00,70,0.001,35.07
09-May-2025 06:39:00,71,0.001,35.11
09-May-2025 06:40:00,70,0.001,35.15
09-May-2025 06:41:00,71,0.001,35.19
09-May-2025 06:42:00,71,0.011,35.2
09-May-2025 06:43:00,68,0.001,35.18
09-May-2025 06:44:00,71,0.001,35.17
09-May-2025 06:45:00,71,0.001,35.21
09-May-2025 06:46:00,71,0.001,35.26
09-May-2025 06:47:00,70,0.001,35.32
09-May-2025 06:48:00,71,0.001,35.39
09-May-2025 06:49:00,70,0.001,35.45
09-May-2025 06:50:00,73,0.015,35.48
09-May-2025 06:51:00,78,0.064,35.36
09-May-2025 06:52:00,68,0.005,34.73
09-May-2025 06:53:00,65,0.001,33.97
09-May-2025 06:54:00,66,0.001,33.46
09-May-2025 06:55:00,64,0.001,33.08
09-May-2025 06:56:00,66,0.001,32.79
09-May-2025 06:57:00,71,0.013,32.79
09-May-2025 06:58:00,62,0.002,32.82
09-May-2025 06:59:00,64,0.002,32.82
09-May-2025 07:00:00,61,0.001,32.84
09-May-2025 07:01:00,61,0.001,32.88
09-May-2025 07:02:00,66,0.003,32.91
09-May-2025 07:03:00,63,0.002,32.97
09-May-2025 07:04:00,64,0.002,33.02
09-May-2025 07:05:00,64,0.001,32.92
09-May-2025 07:06:00,74,0.01,32.77
09-May-2025 07:07:00,65,0.001,32.7
09-May-2025 07:08:00,64,0.001,32.74
09-May-2025 07:09:00,63,0.001,32.83
09-May-2025 07:10:00,64,0.001,32.95
09-May-2025 07:11:00,65,0.001,33.07
09-May-2025 07:12:00,64,0.001,33.22
09-May-2025 07:13:00,64,0.001,33.35
09-May-2025 07:14:00,66,0.001,33.45
09-May-2025 07:15:00,65,0.005,33.55
09-May-2025 07:16:00,68,0.084,33.61
09-May-2025 07:17:00,64,0.001,33.7
09-May-2025 07:18:00,64,0.001,33.9
09-May-2025 07:19:00,65,0.001,34.09
09-May-2025 07:20:00,66,0.001,34.26
09-May-2025 07:21:00,64,0.001,34.43
09-May-2025 07:22:00,67,0.001,34.58
09-May-2025 07:23:00,65,0.001,34.72
09-May-2025 07:24:00,66,0.001,34.86
09-May-2025 07:25:00,66,0.001,34.97
09-May-2025 07:26:00,66,0.003,35.05
09-May-2025 07:27:00,67,0.03,35.07
09-May-2025 07:28:00,64,0.001,35.09
09-May-2025 07:29:00,66,0.001,35.14
09-May-2025 07:30:00,68,0.001,35.19
09-May-2025 07:31:00,66,0.001,35.22
09-May-2025 07:32:00,66,0.001,35.26
09-May-2025 07:33:00,68,0.001,35.29
09-May-2025 07:34:00,69,0.001,35.33
09-May-2025 07:35:00,69,0.001,35.37
09-May-2025 07:36:00,70,0.001,35.41
09-May-2025 07:37:00,70,0.001,35.43
09-May-2025 07:38:00,68,0.001,35.45
09-May-2025 07:39:00,72,0.002,35.48
09-May-2025 07:40:00,69,0.015,35.39
09-May-2025 07:41:00,72,0.016,35.12
09-May-2025 07:42:00,71,0.003,34.95
09-May-2025 07:43:00,71,0.001,34.88
09-May-2025 07:44:00,68,0.001,34.87
09-May-2025 07:45:00,68,0.001,34.88
09-May-2025 07:46:00,70,0.015,34.9
09-May-2025 07:47:00,70,0.001,34.92
09-May-2025 07:48:00,69,0.001,34.98
09-May-2025 07:49:00,67,0.001,35.03
09-May-2025 07:50:00,68,0.001,35.1
09-May-2025 07:51:00,71,0.001,35.16
09-May-2025 07:52:00,73,0.001,35.2
09-May-2025 07:53:00,76,0.001,35.24
09-May-2025 07:54:00,72,0.002,35.27
09-May-2025 07:55:00,72,0.035,35.28
09-May-2025 07:56:00,66,0.002,35.2
09-May-2025 07:57:00,68,0.001,35.12
09-May-2025 07:58:00,67,0.001,35.05
09-May-2025 07:59:00,70,0.001,34.98
09-May-2025 08:00:00,68,0.001,34.92
09-May-2025 08:01:00,80,0.059,34.83
09-May-2025 08:02:00,67,0.001,34.65
09-May-2025 08:03:00,68,0.001,34.57
09-May-2025 08:04:00,67,0.001,34.54
09-May-2025 08:05:00,69,0.001,34.55
09-May-2025 08:06:00,68,0.001,34.59
09-May-2025 08:07:00,68,0.012,34.59
09-May-2025 08:08:00,65,0.001,34.54
09-May-2025 08:09:00,66,0.001,34.49
09-May-2025 08:10:00,75,0.049,34.42
09-May-2025 08:11:00,76,0.071,34.32
09-May-2025 08:12:00,67,0.001,34.23
09-May-2025 08:13:00,71,0.001,34.22
09-May-2025 08:14:00,69,0.001,34.25
09-May-2025 08:15:00,70,0.002,34.29
09-May-2025 08:16:00,69,0.001,34.32
09-May-2025 08:17:00,70,0.001,34.37
09-May-2025 08:18:00,69,0.001,34.4
09-May-2025 08:19:00,68,0.047,34.43
09-May-2025 08:20:00,70,0.008,34.37
09-May-2025 08:21:00,71,0.029,34.29
09-May-2025 08:22:00,69,0.002,34.25
09-May-2025 08:23:00,73,0.047,34.25
09-May-2025 08:24:00,72,0.025,34.21
09-May-2025 08:25:00,67,0.001,34.16
09-May-2025 08:26:00,66,0.005,34.15
09-May-2025 08:27:00,73,0.033,34.16
09-May-2025 08:28:00,71,0.002,34.01
09-May-2025 08:29:00,67,0.001,33.83
09-May-2025 08:30:00,67,0.001,33.66
09-May-2025 08:31:00,75,0.128,33.46
09-May-2025 08:32:00,85,0.034,33.24
09-May-2025 08:33:00,98,0.121,33
09-May-2025 08:34:00,107,0.114,32.78
09-May-2025 08:35:00,116,0.089,32.62
09-May-2025 08:36:00,97,0.125,32.45
09-May-2025 08:37:00,88,0.078,32.26
09-May-2025 08:38:00,89,0.013,32.09
09-May-2025 08:39:00,86,0.076,31.99
09-May-2025 08:40:00,86,0.072,31.9
09-May-2025 08:41:00,78,0.063,31.79
09-May-2025 08:42:00,79,0.024,31.62
09-May-2025 08:43:00,79,0.012,31.42
09-May-2025 08:44:00,79,0.016,31.3
09-May-2025 08:45:00,66,0.01,31.25
09-May-2025 08:46:00,69,0.002,31.21
09-May-2025 08:47:00,60,0.008,31.12
09-May-2025 08:48:00,46,0.008,31.04
09-May-2025 08:49:00,37,0.007,31.05
09-May-2025 08:50:00,47,0.024,31.09
09-May-2025 08:51:00,64,0.011,31.09
09-May-2025 08:52:00,52,0.002,31.04
09-May-2025 08:53:00,74,0.018,30.98
09-May-2025 08:54:00,73,0.003,30.99
09-May-2025 08:55:00,59,0.03,30.96
09-May-2025 08:56:00,74,0.023,31.05
09-May-2025 08:57:00,75,0.012,31
09-May-2025 08:58:00,74,0.002,31
09-May-2025 08:59:00,74,0.004,30.98
09-May-2025 09:00:00,84,0.01,31.03
09-May-2025 09:01:00,65,0.01,31.03
09-May-2025 09:02:00,34,0.001,30.83
09-May-2025 09:03:00,47,0.018,30.83
09-May-2025 09:04:00,78,0.024,31.1
09-May-2025 09:05:00,77,0.022,31.13
09-May-2025 09:06:00,76,0.056,31.25
09-May-2025 09:07:00,72,0.017,30.97
09-May-2025 09:08:00,76,0.019,31.1
09-May-2025 09:09:00,69,0.011,31.18
09-May-2025 09:10:00,71,0.012,31.17
09-May-2025 09:11:00,71,0.002,31.18
09-May-2025 09:12:00,71,0.002,31.15
09-May-2025 09:13:00,74,0.039,31.09
09-May-2025 09:14:00,72,0.018,30.95
09-May-2025 09:15:00,68,0.003,30.69
09-May-2025 09:16:00,70,0.007,30.5
09-May-2025 09:17:00,78,0.01,30.44
09-May-2025 09:18:00,66,0.002,30.51
09-May-2025 09:19:00,66,0.021,30.48
09-May-2025 09:20:00,71,0.029,30.21
09-May-2025 09:21:00,NaN,0.154,30.28
09-May-2025 09:22:00,NaN,0.165,30.28
09-May-2025 09:23:00,NaN,0.193,30.3
09-May-2025 09:24:00,NaN,0.155,30.47
09-May-2025 09:25:00,73,0.13,30.57
09-May-2025 09:26:00,NaN,NaN,NaN
09-May-2025 09:27:00,81,0.148,31.06
09-May-2025 09:28:00,76,0.222,31.17
09-May-2025 09:29:00,87,0.12,31.06
09-May-2025 09:30:00,NaN,0.161,31.08
09-May-2025 09:31:00,98,0.085,31.16
09-May-2025 09:32:00,84,0.108,31.32
09-May-2025 09:33:00,71,0.13,31.48
09-May-2025 09:34:00,83,0.066,31.61
09-May-2025 09:35:00,89,0.163,31.66
09-May-2025 09:36:00,84,0.103,31.75
09-May-2025 09:37:00,92,0.053,31.9
09-May-2025 09:38:00,68,0.106,32.01
09-May-2025 09:39:00,72,0.091,32.09
09-May-2025 09:40:00,90,0.137,32.1
09-May-2025 09:41:00,98,0.039,32.1
09-May-2025 09:42:00,100,0.09,32.04
09-May-2025 09:43:00,100,0.093,32.02
09-May-2025 09:44:00,96,0.11,31.99
09-May-2025 09:45:00,97,0.116,31.93
09-May-2025 09:46:00,92,0.12,31.84
09-May-2025 09:47:00,82,0.113,31.78
09-May-2025 09:48:00,79,0.103,31.69
09-May-2025 09:49:00,84,0.051,31.65
09-May-2025 09:50:00,65,0.138,31.6
09-May-2025 09:51:00,63,0.065,31.56
09-May-2025 09:52:00,NaN,NaN,NaN
09-May-2025 09:53:00,93,0.075,31.41
09-May-2025 09:54:00,74,0.021,31.29
09-May-2025 09:55:00,76,0.032,31.14
09-May-2025 09:56:00,80,0.065,31.02
09-May-2025 09:57:00,90,0.037,30.97
09-May-2025 09:58:00,96,0.02,30.9
09-May-2025 09:59:00,103,0.042,30.84
09-May-2025 10:00:00,82,0.06,30.78
09-May-2025 10:01:00,79,0.034,30.69
09-May-2025 10:02:00,75,0.042,30.63
09-May-2025 10:03:00,77,0.021,30.57
09-May-2025 10:04:00,76,0.012,30.45
09-May-2025 10:05:00,79,0.027,30.36
09-May-2025 10:06:00,77,0.019,30.34
09-May-2025 10:07:00,83,0.033,30.27
09-May-2025 10:08:00,75,0.037,30.18
09-May-2025 10:09:00,77,0.022,30.1
09-May-2025 10:10:00,72,0.017,30.02
09-May-2025 10:11:00,73,0.027,29.95
09-May-2025 10:12:00,74,0.042,29.87
09-May-2025 10:13:00,67,0.047,29.85
09-May-2025 10:14:00,75,0.114,29.79
09-May-2025 10:15:00,83,0.038,29.73
09-May-2025 10:16:00,72,0.024,29.49
09-May-2025 10:17:00,78,0.047,29.51
09-May-2025 10:18:00,84,0.16,29.51
09-May-2025 10:19:00,99,0.224,29.44
09-May-2025 10:20:00,114,0.153,29.38
09-May-2025 10:21:00,129,0.021,29.35
09-May-2025 10:22:00,114,0.024,29.42
09-May-2025 10:23:00,85,0.027,29.43
09-May-2025 10:24:00,69,0.003,29.45
09-May-2025 10:25:00,74,0.007,29.37
09-May-2025 10:26:00,78,0.018,29.33
09-May-2025 10:27:00,77,0.007,29.35
09-May-2025 10:28:00,74,0.002,29.36
09-May-2025 10:29:00,74,0.017,29.26
09-May-2025 10:30:00,74,0.01,29.2
09-May-2025 10:31:00,69,0.015,29.21
09-May-2025 10:32:00,74,0.014,29.29
09-May-2025 10:33:00,72,0.005,29.31
09-May-2025 10:34:00,72,0.003,29.37
09-May-2025 10:35:00,79,0.025,29.44
09-May-2025 10:36:00,77,0.02,29.45
09-May-2025 10:37:00,81,0.012,29.48
09-May-2025 10:38:00,75,0.007,29.52
09-May-2025 10:39:00,77,0.006,29.6
09-May-2025 10:40:00,72,0.014,29.69
09-May-2025 10:41:00,76,0.01,29.78
09-May-2025 10:42:00,74,0.002,29.86
09-May-2025 10:43:00,73,0.002,29.88
09-May-2025 10:44:00,80,0.048,29.93
09-May-2025 10:45:00,70,0.008,29.99
09-May-2025 10:46:00,69,0.009,30.02
09-May-2025 10:47:00,73,0.017,30.09
09-May-2025 10:48:00,70,0.011,30.12
09-May-2025 10:49:00,71,0.032,30.19
09-May-2025 10:50:00,76,0.031,30.21
09-May-2025 10:51:00,78,0.019,30.29
09-May-2025 10:52:00,84,0.015,30.36
09-May-2025 10:53:00,85,0.022,30.41
09-May-2025 10:54:00,81,0.017,30.46
09-May-2025 10:55:00,83,0.012,30.49
09-May-2025 10:56:00,78,0.013,30.5
09-May-2025 10:57:00,69,0.012,30.52
09-May-2025 10:58:00,65,0.018,30.55
09-May-2025 10:59:00,68,0.014,30.59
09-May-2025 11:00:00,74,0.025,30.6
09-May-2025 11:01:00,75,0.026,30.58
09-May-2025 11:02:00,63,0.081,30.6
09-May-2025 11:03:00,72,0.025,30.63
09-May-2025 11:04:00,82,0.016,30.67
09-May-2025 11:05:00,77,0.014,30.7
09-May-2025 11:06:00,65,0.016,30.69
09-May-2025 11:07:00,NaN,NaN,NaN
09-May-2025 11:08:00,33,0.067,30.64
09-May-2025 11:09:00,60,0.009,30.67
09-May-2025 11:10:00,72,0.019,30.66
09-May-2025 11:11:00,68,0.021,30.58
09-May-2025 11:12:00,74,0.007,30.58
09-May-2025 11:13:00,73,0.014,30.51
09-May-2025 11:14:00,82,0.013,30.44
09-May-2025 11:15:00,76,0.014,30.51
09-May-2025 11:16:00,65,0.013,30.51
09-May-2025 11:17:00,83,0.024,30.55
09-May-2025 11:18:00,75,0.014,30.63
09-May-2025 11:19:00,85,0.016,30.69
09-May-2025 11:20:00,79,0.036,30.74
09-May-2025 11:21:00,61,0.005,30.73
09-May-2025 11:22:00,64,0.014,30.68
09-May-2025 11:23:00,65,0.016,30.62
09-May-2025 11:24:00,70,0.032,30.67
09-May-2025 11:25:00,65,0.046,30.73
09-May-2025 11:26:00,68,0.087,30.76
09-May-2025 11:27:00,74,0.043,30.81
09-May-2025 11:28:00,69,0.025,30.86
09-May-2025 11:29:00,71,0.025,30.85
09-May-2025 11:30:00,71,0.016,30.86
09-May-2025 11:31:00,70,0.017,30.85
09-May-2025 11:32:00,80,0.002,30.85
09-May-2025 11:33:00,76,0.001,30.85
09-May-2025 11:34:00,76,0.009,30.83
09-May-2025 11:35:00,69,0.015,30.81
09-May-2025 11:36:00,77,0.034,30.79
09-May-2025 11:37:00,74,0.022,30.79
09-May-2025 11:38:00,82,0.038,30.8
09-May-2025 11:39:00,79,0.022,30.81
09-May-2025 11:40:00,74,0.054,30.84
09-May-2025 11:41:00,80,0.053,30.88
09-May-2025 11:42:00,95,0.057,30.88
09-May-2025 11:43:00,73,0.009,30.89
09-May-2025 11:44:00,69,0.004,30.91
09-May-2025 11:45:00,72,0.023,30.93
09-May-2025 11:46:00,73,0.002,30.92
09-May-2025 11:47:00,75,0.003,30.92
09-May-2025 11:48:00,73,0.009,30.92
09-May-2025 11:49:00,70,0.007,30.93
09-May-2025 11:50:00,76,0.029,30.95
09-May-2025 11:51:00,77,0.016,30.98
09-May-2025 11:52:00,71,0.011,30.99
09-May-2025 11:53:00,75,0.016,31.01
09-May-2025 11:54:00,81,0.036,31.03
09-May-2025 11:55:00,79,0.015,31.03
09-May-2025 11:56:00,83,0.019,31.01
09-May-2025 11:57:00,77,0.017,31.01
09-May-2025 11:58:00,78,0.025,31.03
09-May-2025 11:59:00,79,0.045,31.01
09-May-2025 12:00:00,72,0.006,30.89
09-May-2025 12:01:00,71,0.006,30.86
09-May-2025 12:02:00,56,0.018,30.82
09-May-2025 12:03:00,76,0.028,30.8
09-May-2025 12:04:00,76,0.012,30.75
09-May-2025 12:05:00,72,0.026,30.74
09-May-2025 12:06:00,81,0.021,30.73
09-May-2025 12:07:00,73,0.041,30.67
09-May-2025 12:08:00,68,0.012,30.62
09-May-2025 12:09:00,71,0.002,30.53
09-May-2025 12:10:00,80,0.051,30.45
09-May-2025 12:11:00,81,0.018,30.4
09-May-2025 12:12:00,62,0.01,30.39
09-May-2025 12:13:00,77,0.005,30.38
09-May-2025 12:14:00,63,0.005,30.38
09-May-2025 12:15:00,76,0.025,30.39
09-May-2025 12:16:00,75,0.012,30.43
09-May-2025 12:17:00,72,0.015,30.46
09-May-2025 12:18:00,73,0.008,30.44
09-May-2025 12:19:00,74,0.025,30.41
09-May-2025 12:20:00,74,0.116,30.4
09-May-2025 12:21:00,75,0.047,30.43
09-May-2025 12:22:00,79,0.023,30.44
09-May-2025 12:23:00,76,0.029,30.48
09-May-2025 12:24:00,80,0.022,30.5
09-May-2025 12:25:00,82,0.025,30.53
09-May-2025 12:26:00,78,0.012,30.54
09-May-2025 12:27:00,77,0.007,30.56
09-May-2025 12:28:00,79,0.022,30.57
09-May-2025 12:29:00,74,0.01,30.59
09-May-2025 12:30:00,75,0.015,30.67
09-May-2025 12:31:00,76,0.009,30.8
09-May-2025 12:32:00,69,0.008,30.92
09-May-2025 12:33:00,67,0.012,31.06
09-May-2025 12:34:00,71,0.012,31.23
09-May-2025 12:35:00,44,0.007,31.36
09-May-2025 12:36:00,74,0.011,31.46
09-May-2025 12:37:00,78,0.009,31.53
09-May-2025 12:38:00,85,0.013,31.67
09-May-2025 12:39:00,84,0.007,31.85
09-May-2025 12:40:00,77,0.028,32
09-May-2025 12:41:00,74,0.014,32.08
09-May-2025 12:42:00,75,0.001,32.16
09-May-2025 12:43:00,76,0.019,32.21
09-May-2025 12:44:00,75,0.022,32.26
09-May-2025 12:45:00,76,0.017,32.3
09-May-2025 12:46:00,81,0.036,32.33
09-May-2025 12:47:00,74,0.015,32.39
09-May-2025 12:48:00,72,0.002,32.43
09-May-2025 12:49:00,71,0.022,32.49
09-May-2025 12:50:00,65,0.01,32.52
09-May-2025 12:51:00,81,0.01,32.57
09-May-2025 12:52:00,74,0.011,32.6
09-May-2025 12:53:00,73,0.032,32.65
09-May-2025 12:54:00,75,0.009,32.74
09-May-2025 12:55:00,74,0.01,32.83
09-May-2025 12:56:00,70,0.013,32.92
09-May-2025 12:57:00,78,0.005,33.01
09-May-2025 12:58:00,80,0.025,33.1
09-May-2025 12:59:00,75,0.008,33.17
09-May-2025 13:00:00,73,0.022,33.21
09-May-2025 13:01:00,72,0.01,33.24
09-May-2025 13:02:00,76,0.012,33.26
09-May-2025 13:03:00,75,0.029,33.28
09-May-2025 13:04:00,77,0.007,33.33
09-May-2025 13:05:00,73,0.001,33.35
09-May-2025 13:06:00,74,0.006,33.33
09-May-2025 13:07:00,74,0.015,33.31
09-May-2025 13:08:00,56,0.084,33.36
09-May-2025 13:09:00,62,0.017,33.43
09-May-2025 13:10:00,68,0.013,33.45
09-May-2025 13:11:00,71,0.022,33.42
09-May-2025 13:12:00,72,0.026,33.41
09-May-2025 13:13:00,70,0.015,33.39
09-May-2025 13:14:00,70,0.003,33.37
09-May-2025 13:15:00,70,0.009,33.33
09-May-2025 13:16:00,78,0.066,33.31
09-May-2025 13:17:00,77,0.069,33.27
09-May-2025 13:18:00,59,0.017,33.22
09-May-2025 13:19:00,41,0.002,33.2
09-May-2025 13:20:00,63,0.008,33.16
09-May-2025 13:21:00,76,0.009,33.11
09-May-2025 13:22:00,69,0.003,33.09
09-May-2025 13:23:00,77,0.003,33.08
09-May-2025 13:24:00,51,0.008,33.03
09-May-2025 13:25:00,35,0.002,33.03
09-May-2025 13:26:00,49,0.002,33.03
09-May-2025 13:27:00,41,0.002,33.02
09-May-2025 13:28:00,68,0.011,33
09-May-2025 13:29:00,65,0.006,32.96
09-May-2025 13:30:00,42,0.002,32.91
09-May-2025 13:31:00,36,0.016,32.88
09-May-2025 13:32:00,51,0.045,32.85
09-May-2025 13:33:00,56,0.013,32.8
09-May-2025 13:34:00,66,0.012,32.8
09-May-2025 13:35:00,38,0.007,32.78
09-May-2025 13:36:00,50,0.068,32.8
09-May-2025 13:37:00,65,0.055,32.81
09-May-2025 13:38:00,76,0.014,32.79
09-May-2025 13:39:00,80,0.035,32.77
09-May-2025 13:40:00,81,0.026,32.72
09-May-2025 13:41:00,68,0.029,32.69
09-May-2025 13:42:00,73,0.009,32.67
09-May-2025 13:43:00,69,0.012,32.65
09-May-2025 13:44:00,70,0.019,32.63
09-May-2025 13:45:00,72,0.019,32.57
09-May-2025 13:46:00,70,0.015,32.51
09-May-2025 13:47:00,71,0.018,32.46
09-May-2025 13:48:00,75,0.012,32.4
09-May-2025 13:49:00,70,0.014,32.34
09-May-2025 13:50:00,71,0.014,32.26
09-May-2025 13:51:00,73,0.009,32.17
09-May-2025 13:52:00,74,0.02,32.14
09-May-2025 13:53:00,74,0.015,32.08
09-May-2025 13:54:00,77,0.016,32.01
09-May-2025 13:55:00,75,0.016,31.97
09-May-2025 13:56:00,71,0.032,31.95
09-May-2025 13:57:00,76,0.015,31.91
09-May-2025 13:58:00,68,0.01,31.91
09-May-2025 13:59:00,71,0.001,31.8
09-May-2025 14:00:00,70,0.016,31.71
09-May-2025 14:01:00,65,0.014,31.65
09-May-2025 14:02:00,59,0.01,31.63
09-May-2025 14:03:00,64,0.021,31.62
09-May-2025 14:04:00,71,0.015,31.63
09-May-2025 14:05:00,75,0.011,31.64
09-May-2025 14:06:00,70,0.024,31.63
09-May-2025 14:07:00,78,0.015,31.65
09-May-2025 14:08:00,84,0.014,31.68
09-May-2025 14:09:00,82,0.016,31.7
09-May-2025 14:10:00,76,0.028,31.72
09-May-2025 14:11:00,81,0.015,31.73
09-May-2025 14:12:00,74,0.014,31.75
09-May-2025 14:13:00,77,0.016,31.76
09-May-2025 14:14:00,78,0.091,31.74
09-May-2025 14:15:00,83,0.019,31.73
09-May-2025 14:16:00,82,0.003,31.71
09-May-2025 14:17:00,82,0.002,31.68
09-May-2025 14:18:00,48,0.001,31.66
09-May-2025 14:19:00,33,0.002,31.64
09-May-2025 14:20:00,73,0.005,31.62
09-May-2025 14:21:00,90,0.004,31.6
09-May-2025 14:22:00,79,0.003,31.58
09-May-2025 14:23:00,78,0.001,31.55
09-May-2025 14:24:00,66,0.128,31.54
09-May-2025 14:25:00,62,0.067,31.54
09-May-2025 14:26:00,65,0.021,31.54
09-May-2025 14:27:00,69,0.008,31.56
09-May-2025 14:28:00,71,0.001,31.5
09-May-2025 14:29:00,74,0.011,31.51
09-May-2025 14:30:00,76,0.011,31.53
09-May-2025 14:31:00,76,0.005,31.46
09-May-2025 14:32:00,78,0.002,31.46
09-May-2025 14:33:00,75,0.002,31.46
09-May-2025 14:34:00,67,0.002,31.45
09-May-2025 14:35:00,77,0.012,31.42
09-May-2025 14:36:00,74,0.005,31.41
09-May-2025 14:37:00,77,0.022,31.4
09-May-2025 14:38:00,78,0.023,31.36
09-May-2025 14:39:00,79,0.02,31.3
09-May-2025 14:40:00,66,0.012,31.24
09-May-2025 14:41:00,60,0.003,31.15
09-May-2025 14:42:00,76,0.003,30.97
09-May-2025 14:43:00,76,0.049,30.8
09-May-2025 14:44:00,75,0.017,30.76
09-May-2025 14:45:00,71,0.015,30.73
09-May-2025 14:46:00,60,0.046,30.74
09-May-2025 14:47:00,94,0.005,30.72
09-May-2025 14:48:00,81,0.004,30.73
09-May-2025 14:49:00,76,0.014,30.76
09-May-2025 14:50:00,88,0.009,30.78
09-May-2025 14:51:00,74,0.008,30.81
09-May-2025 14:52:00,71,0.023,30.83
09-May-2025 14:53:00,71,0.029,30.84
09-May-2025 14:54:00,72,0.03,30.79
09-May-2025 14:55:00,68,0.009,30.7
09-May-2025 14:56:00,73,0.033,30.66
09-May-2025 14:57:00,72,0.018,30.65
09-May-2025 14:58:00,87,0.014,30.66
09-May-2025 14:59:00,84,0.039,30.66
09-May-2025 15:00:00,72,0.013,30.65
09-May-2025 15:01:00,73,0.011,30.64
09-May-2025 15:02:00,74,0.012,30.72
09-May-2025 15:03:00,75,0.005,30.75
09-May-2025 15:04:00,75,0.014,30.79
09-May-2025 15:05:00,79,0.015,30.8
09-May-2025 15:06:00,79,0.02,30.84
09-May-2025 15:07:00,73,0.007,30.85
09-May-2025 15:08:00,78,0.006,30.88
09-May-2025 15:09:00,70,0.003,30.9
09-May-2025 15:10:00,74,0.007,30.93
09-May-2025 15:11:00,67,0.08,30.99
09-May-2025 15:12:00,70,0.079,31.02
09-May-2025 15:13:00,69,0.01,31.03
09-May-2025 15:14:00,70,0.009,31.03
09-May-2025 15:15:00,80,0.095,31.09
09-May-2025 15:16:00,85,0.176,31.11
09-May-2025 15:17:00,59,0.005,30.98
09-May-2025 15:18:00,70,0.004,31.02
09-May-2025 15:19:00,71,0.006,31.01
09-May-2025 15:20:00,74,0.002,30.99
09-May-2025 15:21:00,72,0.011,30.98
09-May-2025 15:22:00,73,0.006,31.01
09-May-2025 15:23:00,72,0.002,31.03
09-May-2025 15:24:00,69,0.024,31.01
09-May-2025 15:25:00,65,0.142,31.05
09-May-2025 15:26:00,79,0.14,31.13
09-May-2025 15:27:00,69,0.008,31.16
09-May-2025 15:28:00,68,0.006,31.15
09-May-2025 15:29:00,68,0.008,31.17
09-May-2025 15:30:00,69,0.003,31.18
09-May-2025 15:31:00,70,0.017,31.2
09-May-2025 15:32:00,72,0.003,31.22
09-May-2025 15:33:00,77,0.008,31.22
09-May-2025 15:34:00,74,0.013,31.25
09-May-2025 15:35:00,77,0.012,31.29
09-May-2025 15:36:00,81,0.02,31.28
09-May-2025 15:37:00,77,0.01,31.18
09-May-2025 15:38:00,73,0.01,31.05
09-May-2025 15:39:00,74,0.005,30.97
09-May-2025 15:40:00,72,0.009,30.93
09-May-2025 15:41:00,76,0.02,30.94
09-May-2025 15:42:00,82,0.014,30.99
09-May-2025 15:43:00,72,0.009,31.08
09-May-2025 15:44:00,74,0.022,31.17
09-May-2025 15:45:00,80,0.012,31.26
09-May-2025 15:46:00,72,0.004,31.35
09-May-2025 15:47:00,72,0.011,31.42
09-May-2025 15:48:00,73,0.018,31.47
09-May-2025 15:49:00,73,0.013,31.49
09-May-2025 15:50:00,68,0.019,31.55
09-May-2025 15:51:00,66,0.017,31.62
09-May-2025 15:52:00,70,0.006,31.65
09-May-2025 15:53:00,72,0.002,31.67
09-May-2025 15:54:00,74,0.007,31.71
09-May-2025 15:55:00,71,0.009,31.74
09-May-2025 15:56:00,74,0.001,31.77
09-May-2025 15:57:00,76,0.006,31.79
09-May-2025 15:58:00,73,0.01,31.84
09-May-2025 15:59:00,75,0.006,31.89
09-May-2025 16:00:00,73,0.012,31.91
09-May-2025 16:01:00,75,0.023,31.96
09-May-2025 16:02:00,73,0.007,32.02
09-May-2025 16:03:00,72,0.006,32.06
09-May-2025 16:04:00,71,0.004,32.11
09-May-2025 16:05:00,76,0.008,32.16
09-May-2025 16:06:00,72,0.008,32.2
09-May-2025 16:07:00,74,0.004,32.24
09-May-2025 16:08:00,74,0.001,32.31
09-May-2025 16:09:00,75,0.022,32.4
09-May-2025 16:10:00,76,0.009,32.48
09-May-2025 16:11:00,72,0.016,32.54
09-May-2025 16:12:00,72,0.014,32.58
09-May-2025 16:13:00,75,0.016,32.65
09-May-2025 16:14:00,68,0.021,32.71
09-May-2025 16:15:00,69,0.009,32.73
09-May-2025 16:16:00,72,0.021,32.75
09-May-2025 16:17:00,75,0.007,32.77
09-May-2025 16:18:00,71,0.006,32.75
09-May-2025 16:19:00,72,0.008,32.77
09-May-2025 16:20:00,72,0.014,32.8
09-May-2025 16:21:00,75,0.015,32.87
09-May-2025 16:22:00,81,0.045,32.94
09-May-2025 16:23:00,63,0.028,32.96
09-May-2025 16:24:00,72,0.018,32.96
09-May-2025 16:25:00,74,0.024,32.84
09-May-2025 16:26:00,76,0.032,32.74
09-May-2025 16:27:00,74,0.009,32.71
09-May-2025 16:28:00,74,0.036,32.7
09-May-2025 16:29:00,65,0.007,32.74
09-May-2025 16:30:00,70,0.013,32.73
09-May-2025 16:31:00,72,0.012,32.78
09-May-2025 16:32:00,68,0.006,32.83
09-May-2025 16:33:00,72,0.008,32.9
09-May-2025 16:34:00,73,0.022,32.97
09-May-2025 16:35:00,72,0.013,33.01
09-May-2025 16:36:00,71,0.007,33.03
09-May-2025 16:37:00,72,0.021,33.05
09-May-2025 16:38:00,76,0.01,33.12
09-May-2025 16:39:00,72,0.026,33.16
09-May-2025 16:40:00,70,0.01,33.16
09-May-2025 16:41:00,68,0.004,33.19
09-May-2025 16:42:00,73,0.042,33.26
09-May-2025 16:43:00,81,0.015,33.29
09-May-2025 16:44:00,77,0.004,33.3
09-May-2025 16:45:00,72,0.017,33.3
09-May-2025 16:46:00,74,0.011,33.28
09-May-2025 16:47:00,72,0.002,33.25
09-May-2025 16:48:00,74,0.008,33.2
09-May-2025 16:49:00,73,0.011,33.19
09-May-2025 16:50:00,71,0.005,33.21
09-May-2025 16:51:00,70,0.02,33.24
09-May-2025 16:52:00,74,0.015,33.28
09-May-2025 16:53:00,67,0.092,33.29
09-May-2025 16:54:00,63,0.03,33.27
09-May-2025 16:55:00,66,0.001,33.21
09-May-2025 16:56:00,68,0.009,33.19
09-May-2025 16:57:00,71,0.143,33.13
09-May-2025 16:58:00,69,0.045,33.09
09-May-2025 16:59:00,64,0.028,33.01
09-May-2025 17:00:00,68,0.007,32.79
09-May-2025 17:01:00,68,0.012,32.66
09-May-2025 17:02:00,69,0.016,32.82
09-May-2025 17:03:00,70,0.009,32.87
09-May-2025 17:04:00,69,0.021,32.86
09-May-2025 17:05:00,55,0.007,32.84
09-May-2025 17:06:00,67,0.012,32.82
09-May-2025 17:07:00,77,0.013,32.76
09-May-2025 17:08:00,97,0.008,32.67
09-May-2025 17:09:00,84,0.011,32.62
09-May-2025 17:10:00,75,0.013,32.55
09-May-2025 17:11:00,81,0.01,32.52
09-May-2025 17:12:00,104,0.012,32.45
09-May-2025 17:13:00,76,0.015,32.4
09-May-2025 17:14:00,65,0.01,32.32
09-May-2025 17:15:00,53,0.007,32.35
09-May-2025 17:16:00,68,0.018,32.34
09-May-2025 17:17:00,66,0.013,32.28
09-May-2025 17:18:00,73,0.014,32.23
09-May-2025 17:19:00,64,0.007,32.2
09-May-2025 17:20:00,72,0.005,32.2
09-May-2025 17:21:00,59,0.005,32.17
09-May-2025 17:22:00,66,0.009,32.09
09-May-2025 17:23:00,70,0.015,32.06
09-May-2025 17:24:00,76,0.009,32.05
09-May-2025 17:25:00,74,0.011,32.01
09-May-2025 17:26:00,76,0.013,31.98
09-May-2025 17:27:00,74,0.004,32.02
09-May-2025 17:28:00,87,0.019,32.02
09-May-2025 17:29:00,76,0.02,32
09-May-2025 17:30:00,89,0.021,32.05
09-May-2025 17:31:00,77,0.027,32.06
09-May-2025 17:32:00,77,0.017,32.03
09-May-2025 17:33:00,70,0.017,32.01
09-May-2025 17:34:00,75,0.014,31.98
09-May-2025 17:35:00,82,0.017,31.97
09-May-2025 17:36:00,62,0.008,31.96
09-May-2025 17:37:00,50,0.014,31.89
09-May-2025 17:38:00,69,0.011,31.81
09-May-2025 17:39:00,73,0.015,31.78
09-May-2025 17:40:00,45,0.013,31.79
09-May-2025 17:41:00,53,0.146,31.83
09-May-2025 17:42:00,65,0.047,31.9
09-May-2025 17:43:00,65,0.008,32
09-May-2025 17:44:00,71,0.033,32.06
09-May-2025 17:45:00,79,0.014,32.1
09-May-2025 17:46:00,70,0.008,32.11
09-May-2025 17:47:00,69,0.02,32.14
09-May-2025 17:48:00,73,0.024,32.13
09-May-2025 17:49:00,66,0.054,32.12
09-May-2025 17:50:00,57,0.061,32.11
09-May-2025 17:51:00,68,0.07,32.09
09-May-2025 17:52:00,64,0.04,32.09
09-May-2025 17:53:00,65,0.019,32.07
09-May-2025 17:54:00,70,0.016,32.08
09-May-2025 17:55:00,64,0.011,32.05
09-May-2025 17:56:00,66,0.004,32.11
09-May-2025 17:57:00,77,0.022,32.13
09-May-2025 17:58:00,67,0.02,32.08
09-May-2025 17:59:00,70,0.015,32.13
09-May-2025 18:00:00,74,0.007,32.11
09-May-2025 18:01:00,69,0.022,32.08
09-May-2025 18:02:00,74,0.042,32.11
09-May-2025 18:03:00,64,0.001,32.07
09-May-2025 18:04:00,69,0.014,32.05
09-May-2025 18:05:00,67,0.001,32.01
09-May-2025 18:06:00,69,0.01,31.97
09-May-2025 18:07:00,68,0.002,32.04
09-May-2025 18:08:00,71,0.008,32.02
09-May-2025 18:09:00,72,0.011,31.98
09-May-2025 18:10:00,78,0.016,31.97
09-May-2025 18:11:00,71,0.01,31.95
09-May-2025 18:12:00,69,0.029,31.94
09-May-2025 18:13:00,69,0.006,31.89
09-May-2025 18:14:00,74,0.117,31.87
09-May-2025 18:15:00,76,0.196,31.89
09-May-2025 18:16:00,90,0.269,31.89
09-May-2025 18:17:00,105,0.066,31.82
09-May-2025 18:18:00,109,0.056,31.76
09-May-2025 18:19:00,105,0.05,31.76
09-May-2025 18:20:00,86,0.033,31.75
09-May-2025 18:21:00,77,0.036,31.77
09-May-2025 18:22:00,91,0.047,31.78
09-May-2025 18:23:00,78,0.045,31.8
09-May-2025 18:24:00,67,0.017,31.79
09-May-2025 18:25:00,71,0.006,31.79
09-May-2025 18:26:00,69,0.004,31.79
09-May-2025 18:27:00,71,0.008,31.77
09-May-2025 18:28:00,73,0.035,31.72
09-May-2025 18:29:00,74,0.06,31.7
09-May-2025 18:30:00,72,0.06,31.66
09-May-2025 18:31:00,73,0.035,31.64
09-May-2025 18:32:00,73,0.038,31.59
09-May-2025 18:33:00,70,0.021,31.49
09-May-2025 18:34:00,74,0.032,31.37
09-May-2025 18:35:00,72,0.017,31.2
09-May-2025 18:36:00,71,0.017,31.16
09-May-2025 18:37:00,72,0.036,31.1
09-May-2025 18:38:00,73,0.047,31.06
09-May-2025 18:39:00,76,0.032,31.01
09-May-2025 18:40:00,83,0.026,30.94
09-May-2025 18:41:00,76,0.034,30.88
09-May-2025 18:42:00,87,0.131,30.82
09-May-2025 18:43:00,88,0.11,30.69
09-May-2025 18:44:00,63,0.05,30.53
09-May-2025 18:45:00,74,0.045,30.41
09-May-2025 18:46:00,72,0.049,30.28
09-May-2025 18:47:00,67,0.106,30.15
09-May-2025 18:48:00,86,0.142,30.06
09-May-2025 18:49:00,81,0.092,29.98
09-May-2025 18:50:00,87,0.096,29.94
09-May-2025 18:51:00,81,0.103,29.86
09-May-2025 18:52:00,88,0.066,29.8
09-May-2025 18:53:00,112,0.063,29.73
09-May-2025 18:54:00,95,0.047,29.63
09-May-2025 18:55:00,86,0.174,29.53
09-May-2025 18:56:00,93,0.13,29.4
09-May-2025 18:57:00,81,0.065,29.26
09-May-2025 18:58:00,76,0.068,29.15
09-May-2025 18:59:00,80,0.231,29.03
09-May-2025 19:00:00,89,0.15,28.89
09-May-2025 19:01:00,86,0.069,28.8
09-May-2025 19:02:00,74,0.093,28.76
09-May-2025 19:03:00,88,0.046,28.69
09-May-2025 19:04:00,70,0.03,28.6
09-May-2025 19:05:00,72,0.023,28.5
09-May-2025 19:06:00,73,0.026,28.38
09-May-2025 19:07:00,75,0.034,28.38
09-May-2025 19:08:00,74,0.026,28.37
09-May-2025 19:09:00,73,0.027,28.35
09-May-2025 19:10:00,73,0.025,28.33
09-May-2025 19:11:00,70,0.035,28.28
09-May-2025 19:12:00,70,0.023,28.21
09-May-2025 19:13:00,74,0.022,28.23
09-May-2025 19:14:00,81,0.046,28.21
09-May-2025 19:15:00,80,0.063,28.15
09-May-2025 19:16:00,88,0.072,28.06
09-May-2025 19:17:00,82,0.162,28.02
09-May-2025 19:18:00,91,0.222,27.98
09-May-2025 19:19:00,108,0.222,27.97
09-May-2025 19:20:00,88,0.104,27.99
09-May-2025 19:21:00,80,0.067,28.02
09-May-2025 19:22:00,87,0.096,28.06
09-May-2025 19:23:00,89,0.211,28.08
09-May-2025 19:24:00,95,0.154,28.15
09-May-2025 19:25:00,94,0.257,28.18
09-May-2025 19:26:00,95,0.117,28.17
09-May-2025 19:27:00,72,0.107,28.15
09-May-2025 19:28:00,77,0.108,28.11
09-May-2025 19:29:00,96,0.244,28.03
09-May-2025 19:30:00,98,0.267,27.93
09-May-2025 19:31:00,106,0.135,27.9
09-May-2025 19:32:00,99,0.148,27.89
09-May-2025 19:33:00,112,0.138,27.77
09-May-2025 19:34:00,114,0.029,27.66
09-May-2025 19:35:00,89,0.071,27.66
09-May-2025 19:36:00,83,0.08,27.81
09-May-2025 19:37:00,67,0.08,28
09-May-2025 19:38:00,86,0.11,28.27
09-May-2025 19:39:00,103,0.106,28.48
09-May-2025 19:40:00,88,0.054,28.57
09-May-2025 19:41:00,96,0.218,28.66
09-May-2025 19:42:00,85,0.073,28.71
09-May-2025 19:43:00,84,0.082,28.75
09-May-2025 19:44:00,99,0.182,28.8
09-May-2025 19:45:00,106,0.105,28.76
09-May-2025 19:46:00,85,0.01,28.72
09-May-2025 19:47:00,86,0.007,28.69
09-May-2025 19:48:00,96,0.023,28.71
09-May-2025 19:49:00,85,0.042,28.81
09-May-2025 19:50:00,78,0.044,28.95
09-May-2025 19:51:00,76,0.004,29.15
09-May-2025 19:52:00,79,0.038,29.35
09-May-2025 19:53:00,76,0.003,29.61
09-May-2025 19:54:00,72,0.026,29.9
09-May-2025 19:55:00,71,0.047,30.03
09-May-2025 19:56:00,83,0.048,30.13
09-May-2025 19:57:00,81,0.05,30.23
09-May-2025 19:58:00,91,0.247,30.3
09-May-2025 19:59:00,100,0.262,30.27
09-May-2025 20:00:00,102,0.225,30.17
09-May-2025 20:01:00,81,0.085,30.07
09-May-2025 20:02:00,76,0.049,29.96
09-May-2025 20:03:00,72,0.017,29.84
09-May-2025 20:04:00,73,0.053,29.7
09-May-2025 20:05:00,78,0.051,29.54
09-May-2025 20:06:00,73,0.03,29.43
09-May-2025 20:07:00,74,0.055,29.37
09-May-2025 20:08:00,90,0.071,29.27
09-May-2025 20:09:00,98,0.098,29.19
09-May-2025 20:10:00,81,0.04,29.26
09-May-2025 20:11:00,81,0.005,29.36
09-May-2025 20:12:00,84,0.011,29.4
09-May-2025 20:13:00,93,0.007,29.43
09-May-2025 20:14:00,91,0.031,29.39
09-May-2025 20:15:00,85,0.012,29.43
09-May-2025 20:16:00,88,0.013,29.51
09-May-2025 20:17:00,88,0.018,29.58
09-May-2025 20:18:00,84,0.001,29.72
09-May-2025 20:19:00,87,0.019,29.86
09-May-2025 20:20:00,93,0.02,29.95
09-May-2025 20:21:00,88,0.007,30.06
09-May-2025 20:22:00,80,0.002,30.14
09-May-2025 20:23:00,79,0.013,30.23
09-May-2025 20:24:00,87,0.009,30.32
09-May-2025 20:25:00,87,0.027,30.52
09-May-2025 20:26:00,85,0.02,30.72
09-May-2025 20:27:00,80,0.001,30.89
09-May-2025 20:28:00,85,0.005,30.99
09-May-2025 20:29:00,84,0.008,31.02
09-May-2025 20:30:00,87,0.045,31.07
09-May-2025 20:31:00,84,0.019,31.19
09-May-2025 20:32:00,82,0.029,31.28
09-May-2025 20:33:00,81,0.005,31.36
09-May-2025 20:34:00,78,0.002,31.44
09-May-2025 20:35:00,78,0.01,31.49
09-May-2025 20:36:00,71,0.001,31.56
09-May-2025 20:37:00,78,0.044,31.71
09-May-2025 20:38:00,107,0.076,31.78
09-May-2025 20:39:00,94,0.093,31.8
09-May-2025 20:40:00,94,0.062,31.75
09-May-2025 20:41:00,76,0.046,31.7
09-May-2025 20:42:00,101,0.085,31.63
09-May-2025 20:43:00,106,0.006,31.54
09-May-2025 20:44:00,86,0.009,31.41
09-May-2025 20:45:00,71,0.021,31.4
09-May-2025 20:46:00,33,0.018,31.27
09-May-2025 20:47:00,38,0.005,31.26
09-May-2025 20:48:00,59,0.008,31.36
09-May-2025 20:49:00,82,0.004,31.43
09-May-2025 20:50:00,72,0.004,31.54
09-May-2025 20:51:00,75,0.003,31.62
09-May-2025 20:52:00,79,0.007,31.72
09-May-2025 20:53:00,79,0.019,31.84
09-May-2025 20:54:00,64,0.035,31.87
09-May-2025 20:55:00,56,0.008,31.84
09-May-2025 20:56:00,65,0.022,31.89
09-May-2025 20:57:00,70,0.006,31.9
09-May-2025 20:58:00,72,0.001,31.97
09-May-2025 20:59:00,75,0.004,31.99
09-May-2025 21:00:00,74,0.005,32.09
09-May-2025 21:01:00,75,0.01,32.17
09-May-2025 21:02:00,70,0.002,32.22
09-May-2025 21:03:00,70,0.001,32.25
09-May-2025 21:04:00,71,0.002,32.29
09-May-2025 21:05:00,75,0.001,32.35
09-May-2025 21:06:00,72,0.001,32.42
09-May-2025 21:07:00,73,0.002,32.47
09-May-2025 21:08:00,70,0.001,32.52
09-May-2025 21:09:00,72,0.003,32.56
09-May-2025 21:10:00,72,0.011,32.62
09-May-2025 21:11:00,72,0.004,32.67
09-May-2025 21:12:00,71,0.003,32.72
09-May-2025 21:13:00,77,0.024,32.67
09-May-2025 21:14:00,71,0.008,32.66
09-May-2025 21:15:00,71,0.004,32.65
09-May-2025 21:16:00,62,0.01,32.62
09-May-2025 21:17:00,65,0.017,32.54
09-May-2025 21:18:00,69,0.011,32.5
09-May-2025 21:19:00,44,0.016,32.48
09-May-2025 21:20:00,39,0.007,32.49
09-May-2025 21:21:00,47,0.002,32.53
09-May-2025 21:22:00,68,0.041,32.57
09-May-2025 21:23:00,48,0.006,32.62
09-May-2025 21:24:00,70,0.005,32.59
09-May-2025 21:25:00,79,0.029,32.55
09-May-2025 21:26:00,71,0.017,32.5
09-May-2025 21:27:00,55,0.001,32.57
09-May-2025 21:28:00,58,0.029,32.6
09-May-2025 21:29:00,66,0.006,32.6
09-May-2025 21:30:00,74,0.019,32.57
09-May-2025 21:31:00,77,0.014,32.52
09-May-2025 21:32:00,76,0.02,32.5
09-May-2025 21:33:00,62,0.005,32.5
09-May-2025 21:34:00,50,0.004,32.48
09-May-2025 21:35:00,57,0.032,32.43
09-May-2025 21:36:00,74,0.003,32.39
09-May-2025 21:37:00,84,0.014,32.34
09-May-2025 21:38:00,73,0.009,32.29
09-May-2025 21:39:00,77,0.029,32.24
09-May-2025 21:40:00,80,0.017,32.26
09-May-2025 21:41:00,77,0.003,32.25
09-May-2025 21:42:00,66,0.02,32.22
09-May-2025 21:43:00,67,0.013,32.2
09-May-2025 21:44:00,74,0.019,32.22
09-May-2025 21:45:00,73,0.037,32.23
09-May-2025 21:46:00,81,0.034,32.28
09-May-2025 21:47:00,64,0.009,32.27
09-May-2025 21:48:00,57,0.006,32.09
09-May-2025 21:49:00,73,0.007,32.2
09-May-2025 21:50:00,75,0.02,32.3
09-May-2025 21:51:00,77,0.017,32.41
09-May-2025 21:52:00,57,0.009,32.47
09-May-2025 21:53:00,71,0.001,32.49
09-May-2025 21:54:00,69,0.013,32.49
09-May-2025 21:55:00,76,0.013,32.56
09-May-2025 21:56:00,75,0.033,32.62
09-May-2025 21:57:00,72,0.015,32.56
09-May-2025 21:58:00,72,0.007,32.53
09-May-2025 21:59:00,71,0.083,32.53
09-May-2025 22:00:00,75,0.031,32.5
09-May-2025 22:01:00,86,0.056,32.4
09-May-2025 22:02:00,95,0.056,32.34
09-May-2025 22:03:00,83,0.127,32.29
09-May-2025 22:04:00,87,0.126,32.28
09-May-2025 22:05:00,82,0.038,32.26
09-May-2025 22:06:00,82,0.009,32.25
09-May-2025 22:07:00,85,0.015,32.23
09-May-2025 22:08:00,83,0.009,32.28
09-May-2025 22:09:00,72,0.056,32.25
09-May-2025 22:10:00,76,0.088,32.19
09-May-2025 22:11:00,75,0.101,32.09
09-May-2025 22:12:00,68,0.048,31.86
09-May-2025 22:13:00,68,0.039,31.67
09-May-2025 22:14:00,72,0.03,31.59
09-May-2025 22:15:00,66,0.005,31.55
09-May-2025 22:16:00,68,0.017,31.53
09-May-2025 22:17:00,75,0.084,31.55
09-May-2025 22:18:00,85,0.086,31.61
09-May-2025 22:19:00,91,0.029,31.61
09-May-2025 22:20:00,78,0.002,31.66
09-May-2025 22:21:00,79,0.002,31.63
09-May-2025 22:22:00,85,0.025,31.56
09-May-2025 22:23:00,94,0.124,31.53
09-May-2025 22:24:00,81,0.057,31.52
09-May-2025 22:25:00,76,0.029,31.43
09-May-2025 22:26:00,69,0.046,31.25
09-May-2025 22:27:00,72,0.035,31.13
09-May-2025 22:28:00,72,0.038,31.04
09-May-2025 22:29:00,75,0.032,30.97
09-May-2025 22:30:00,72,0.048,30.92
09-May-2025 22:31:00,76,0.021,30.86
09-May-2025 22:32:00,74,0.03,30.83
09-May-2025 22:33:00,74,0.028,30.81
09-May-2025 22:34:00,78,0.069,30.8
09-May-2025 22:35:00,90,0.088,30.7
09-May-2025 22:36:00,95,0.102,30.7
09-May-2025 22:37:00,102,0.127,30.72
09-May-2025 22:38:00,100,0.087,30.7
09-May-2025 22:39:00,91,0.082,30.68
09-May-2025 22:40:00,NaN,NaN,NaN
09-May-2025 22:41:00,NaN,NaN,NaN
09-May-2025 22:42:00,NaN,NaN,NaN
09-May-2025 22:43:00,NaN,NaN,NaN
09-May-2025 22:44:00,NaN,NaN,NaN
09-May-2025 22:45:00,NaN,NaN,NaN
09-May-2025 22:46:00,NaN,NaN,NaN
09-May-2025 22:47:00,NaN,NaN,NaN
09-May-2025 22:48:00,NaN,NaN,NaN
09-May-2025 22:49:00,NaN,NaN,NaN
09-May-2025 22:50:00,NaN,NaN,NaN
09-May-2025 22:51:00,NaN,NaN,NaN
09-May-2025 22:52:00,NaN,NaN,NaN
09-May-2025 22:53:00,NaN,NaN,NaN
09-May-2025 22:54:00,NaN,NaN,NaN
09-May-2025 22:55:00,NaN,NaN,NaN
09-May-2025 22:56:00,NaN,NaN,NaN
09-May-2025 22:57:00,NaN,NaN,NaN
09-May-2025 22:58:00,NaN,NaN,NaN
09-May-2025 22:59:00,NaN,NaN,NaN
09-May-2025 23:00:00,NaN,NaN,NaN
09-May-2025 23:01:00,NaN,NaN,NaN
09-May-2025 23:02:00,NaN,NaN,NaN
09-May-2025 23:03:00,NaN,NaN,NaN
09-May-2025 23:04:00,NaN,NaN,NaN
09-May-2025 23:05:00,NaN,NaN,NaN
09-May-2025 23:06:00,NaN,NaN,NaN
09-May-2025 23:07:00,NaN,NaN,NaN
09-May-2025 23:08:00,NaN,NaN,NaN
09-May-2025 23:09:00,NaN,NaN,NaN
09-May-2025 23:10:00,NaN,NaN,NaN
09-May-2025 23:11:00,NaN,NaN,NaN
09-May-2025 23:12:00,NaN,NaN,NaN
09-May-2025 23:13:00,NaN,NaN,NaN
09-May-2025 23:14:00,NaN,NaN,NaN
09-May-2025 23:15:00,NaN,NaN,NaN
09-May-2025 23:16:00,NaN,NaN,NaN
09-May-2025 23:17:00,NaN,NaN,NaN
09-May-2025 23:18:00,NaN,NaN,NaN
09-May-2025 23:19:00,NaN,NaN,NaN
09-May-2025 23:20:00,NaN,NaN,NaN
09-May-2025 23:21:00,NaN,NaN,NaN
09-May-2025 23:22:00,NaN,NaN,NaN
09-May-2025 23:23:00,NaN,NaN,NaN
09-May-2025 23:24:00,NaN,NaN,NaN
09-May-2025 23:25:00,NaN,NaN,NaN
09-May-2025 23:26:00,NaN,NaN,NaN
09-May-2025 23:27:00,NaN,NaN,NaN
09-May-2025 23:28:00,NaN,NaN,NaN
09-May-2025 23:29:00,NaN,NaN,NaN
09-May-2025 23:30:00,NaN,NaN,NaN
09-May-2025 23:31:00,NaN,NaN,NaN
09-May-2025 23:32:00,NaN,NaN,NaN
09-May-2025 23:33:00,NaN,NaN,NaN
09-May-2025 23:34:00,NaN,NaN,NaN
09-May-2025 23:35:00,NaN,NaN,NaN
09-May-2025 23:36:00,NaN,NaN,NaN
09-May-2025 23:37:00,NaN,NaN,NaN
09-May-2025 23:38:00,NaN,NaN,NaN
09-May-2025 23:39:00,NaN,NaN,NaN
09-May-2025 23:40:00,NaN,NaN,NaN
09-May-2025 23:41:00,NaN,NaN,NaN
09-May-2025 23:42:00,NaN,NaN,NaN
09-May-2025 23:43:00,NaN,NaN,NaN
09-May-2025 23:44:00,NaN,NaN,NaN
09-May-2025 23:45:00,NaN,NaN,NaN
09-May-2025 23:46:00,NaN,NaN,NaN
09-May-2025 23:47:00,NaN,NaN,NaN
09-May-2025 23:48:00,NaN,NaN,NaN
09-May-2025 23:49:00,NaN,NaN,NaN
09-May-2025 23:50:00,NaN,NaN,NaN
09-May-2025 23:51:00,NaN,NaN,NaN
09-May-2025 23:52:00,NaN,NaN,NaN
09-May-2025 23:53:00,NaN,NaN,NaN
09-May-2025 23:54:00,NaN,NaN,NaN
09-May-2025 23:55:00,NaN,NaN,NaN
09-May-2025 23:56:00,NaN,NaN,NaN
09-May-2025 23:57:00,NaN,NaN,NaN
09-May-2025 23:58:00,NaN,NaN,NaN
09-May-2025 23:59:00,NaN,NaN,NaN
10-May-2025 00:00:00,NaN,NaN,NaN
10-May-2025 00:01:00,NaN,NaN,NaN
10-May-2025 00:02:00,NaN,NaN,NaN
10-May-2025 00:03:00,NaN,NaN,NaN
10-May-2025 00:04:00,NaN,NaN,NaN
10-May-2025 00:05:00,NaN,NaN,NaN
10-May-2025 00:06:00,NaN,NaN,NaN
10-May-2025 00:07:00,NaN,NaN,NaN
10-May-2025 00:08:00,NaN,NaN,NaN
10-May-2025 00:09:00,NaN,NaN,NaN
10-May-2025 00:10:00,NaN,NaN,NaN
10-May-2025 00:11:00,NaN,NaN,NaN
10-May-2025 00:12:00,NaN,NaN,NaN
10-May-2025 00:13:00,NaN,NaN,NaN
10-May-2025 00:14:00,NaN,NaN,NaN
10-May-2025 00:15:00,NaN,NaN,NaN
10-May-2025 00:16:00,NaN,NaN,NaN
10-May-2025 00:17:00,NaN,NaN,NaN
10-May-2025 00:18:00,NaN,NaN,NaN
10-May-2025 00:19:00,NaN,NaN,NaN
10-May-2025 00:20:00,NaN,NaN,NaN
10-May-2025 00:21:00,NaN,NaN,NaN
10-May-2025 00:22:00,NaN,NaN,NaN
10-May-2025 00:23:00,NaN,NaN,NaN
10-May-2025 00:24:00,NaN,NaN,NaN
10-May-2025 00:25:00,NaN,NaN,NaN
10-May-2025 00:26:00,NaN,NaN,NaN
10-May-2025 00:27:00,NaN,NaN,NaN
10-May-2025 00:28:00,NaN,NaN,NaN
10-May-2025 00:29:00,NaN,NaN,NaN
10-May-2025 00:30:00,NaN,NaN,NaN
10-May-2025 00:31:00,NaN,NaN,NaN
10-May-2025 00:32:00,NaN,NaN,NaN
10-May-2025 00:33:00,NaN,NaN,NaN
10-May-2025 00:34:00,NaN,NaN,NaN
10-May-2025 00:35:00,NaN,NaN,NaN
10-May-2025 00:36:00,NaN,NaN,NaN
10-May-2025 00:37:00,NaN,NaN,NaN
10-May-2025 00:38:00,NaN,NaN,NaN
10-May-2025 00:39:00,NaN,NaN,NaN
10-May-2025 00:40:00,NaN,NaN,NaN
10-May-2025 00:41:00,NaN,NaN,NaN
10-May-2025 00:42:00,NaN,NaN,NaN
10-May-2025 00:43:00,NaN,NaN,NaN
10-May-2025 00:44:00,NaN,NaN,NaN
10-May-2025 00:45:00,NaN,NaN,NaN
10-May-2025 00:46:00,NaN,NaN,NaN
10-May-2025 00:47:00,NaN,NaN,NaN
10-May-2025 00:48:00,NaN,NaN,NaN
10-May-2025 00:49:00,NaN,NaN,NaN
10-May-2025 00:50:00,NaN,NaN,NaN
10-May-2025 00:51:00,NaN,NaN,NaN
10-May-2025 00:52:00,NaN,NaN,NaN
10-May-2025 00:53:00,NaN,NaN,NaN
10-May-2025 00:54:00,NaN,NaN,NaN
10-May-2025 00:55:00,NaN,NaN,NaN
10-May-2025 00:56:00,NaN,NaN,NaN
10-May-2025 00:57:00,NaN,NaN,NaN
10-May-2025 00:58:00,NaN,NaN,NaN
10-May-2025 00:59:00,NaN,NaN,NaN
10-May-2025 01:00:00,NaN,NaN,NaN
10-May-2025 01:01:00,NaN,NaN,NaN
10-May-2025 01:02:00,NaN,NaN,NaN
10-May-2025 01:03:00,NaN,NaN,NaN
10-May-2025 01:04:00,NaN,NaN,NaN
10-May-2025 01:05:00,NaN,NaN,NaN
10-May-2025 01:06:00,NaN,NaN,NaN
10-May-2025 01:07:00,NaN,NaN,NaN
10-May-2025 01:08:00,NaN,NaN,NaN
10-May-2025 01:09:00,NaN,NaN,NaN
10-May-2025 01:10:00,NaN,NaN,NaN
10-May-2025 01:11:00,NaN,NaN,NaN
10-May-2025 01:12:00,NaN,NaN,NaN
10-May-2025 01:13:00,NaN,NaN,NaN
10-May-2025 01:14:00,NaN,NaN,NaN
10-May-2025 01:15:00,NaN,NaN,NaN
10-May-2025 01:16:00,NaN,NaN,NaN
10-May-2025 01:17:00,NaN,NaN,NaN
10-May-2025 01:18:00,NaN,NaN,NaN
10-May-2025 01:19:00,NaN,NaN,NaN
10-May-2025 01:20:00,NaN,NaN,NaN
10-May-2025 01:21:00,NaN,NaN,NaN
10-May-2025 01:22:00,NaN,NaN,NaN
10-May-2025 01:23:00,NaN,NaN,NaN
10-May-2025 01:24:00,NaN,NaN,NaN
10-May-2025 01:25:00,NaN,NaN,NaN
10-May-2025 01:26:00,NaN,NaN,NaN
10-May-2025 01:27:00,NaN,NaN,NaN
10-May-2025 01:28:00,NaN,NaN,NaN
10-May-2025 01:29:00,NaN,NaN,NaN
10-May-2025 01:30:00,NaN,NaN,NaN
10-May-2025 01:31:00,NaN,NaN,NaN
10-May-2025 01:32:00,NaN,NaN,NaN
10-May-2025 01:33:00,NaN,NaN,NaN
10-May-2025 01:34:00,NaN,NaN,NaN
10-May-2025 01:35:00,NaN,NaN,NaN
10-May-2025 01:36:00,NaN,NaN,NaN
10-May-2025 01:37:00,NaN,NaN,NaN
10-May-2025 01:38:00,NaN,NaN,NaN
10-May-2025 01:39:00,NaN,NaN,NaN
10-May-2025 01:40:00,NaN,NaN,NaN
10-May-2025 01:41:00,NaN,NaN,NaN
10-May-2025 01:42:00,NaN,NaN,NaN
10-May-2025 01:43:00,NaN,NaN,NaN
10-May-2025 01:44:00,NaN,NaN,NaN
10-May-2025 01:45:00,NaN,NaN,NaN
10-May-2025 01:46:00,NaN,NaN,NaN
10-May-2025 01:47:00,NaN,NaN,NaN
10-May-2025 01:48:00,NaN,NaN,NaN
10-May-2025 01:49:00,NaN,NaN,NaN
10-May-2025 01:50:00,NaN,NaN,NaN
10-May-2025 01:51:00,NaN,NaN,NaN
10-May-2025 01:52:00,NaN,NaN,NaN
10-May-2025 01:53:00,NaN,NaN,NaN
10-May-2025 01:54:00,NaN,NaN,NaN
10-May-2025 01:55:00,NaN,NaN,NaN
10-May-2025 01:56:00,NaN,NaN,NaN
10-May-2025 01:57:00,NaN,NaN,NaN
10-May-2025 01:58:00,NaN,NaN,NaN
10-May-2025 01:59:00,NaN,NaN,NaN
10-May-2025 02:00:00,NaN,NaN,NaN
10-May-2025 02:01:00,NaN,NaN,NaN
10-May-2025 02:02:00,NaN,NaN,NaN
10-May-2025 02:03:00,NaN,NaN,NaN
10-May-2025 02:04:00,NaN,NaN,NaN
10-May-2025 02:05:00,NaN,NaN,NaN
10-May-2025 02:06:00,NaN,NaN,NaN
10-May-2025 02:07:00,NaN,NaN,NaN
10-May-2025 02:08:00,NaN,NaN,NaN
10-May-2025 02:09:00,NaN,NaN,NaN
10-May-2025 02:10:00,NaN,NaN,NaN
10-May-2025 02:11:00,NaN,NaN,NaN
10-May-2025 02:12:00,NaN,NaN,NaN
10-May-2025 02:13:00,NaN,NaN,NaN
10-May-2025 02:14:00,NaN,NaN,NaN
10-May-2025 02:15:00,NaN,NaN,NaN
10-May-2025 02:16:00,NaN,NaN,NaN
10-May-2025 02:17:00,NaN,NaN,NaN
10-May-2025 02:18:00,NaN,NaN,NaN
10-May-2025 02:19:00,NaN,NaN,NaN
10-May-2025 02:20:00,NaN,NaN,NaN
10-May-2025 02:21:00,NaN,NaN,NaN
10-May-2025 02:22:00,NaN,NaN,NaN
10-May-2025 02:23:00,NaN,NaN,NaN
10-May-2025 02:24:00,NaN,NaN,NaN
10-May-2025 02:25:00,NaN,NaN,NaN
10-May-2025 02:26:00,NaN,NaN,NaN
10-May-2025 02:27:00,NaN,NaN,NaN
10-May-2025 02:28:00,NaN,NaN,NaN
10-May-2025 02:29:00,NaN,NaN,NaN
10-May-2025 02:30:00,NaN,NaN,NaN
10-May-2025 02:31:00,NaN,NaN,NaN
10-May-2025 02:32:00,NaN,NaN,NaN
10-May-2025 02:33:00,NaN,NaN,NaN
10-May-2025 02:34:00,NaN,NaN,NaN
10-May-2025 02:35:00,NaN,NaN,NaN
10-May-2025 02:36:00,NaN,NaN,NaN
10-May-2025 02:37:00,NaN,NaN,NaN
10-May-2025 02:38:00,NaN,NaN,NaN
10-May-2025 02:39:00,NaN,NaN,NaN
10-May-2025 02:40:00,NaN,NaN,NaN
10-May-2025 02:41:00,NaN,NaN,NaN
10-May-2025 02:42:00,NaN,NaN,NaN
10-May-2025 02:43:00,NaN,NaN,NaN
10-May-2025 02:44:00,NaN,NaN,NaN
10-May-2025 02:45:00,NaN,NaN,NaN
10-May-2025 02:46:00,NaN,NaN,NaN
10-May-2025 02:47:00,NaN,NaN,NaN
10-May-2025 02:48:00,NaN,NaN,NaN
10-May-2025 02:49:00,NaN,NaN,NaN
10-May-2025 02:50:00,NaN,NaN,NaN
10-May-2025 02:51:00,NaN,NaN,NaN
10-May-2025 02:52:00,NaN,NaN,NaN
10-May-2025 02:53:00,NaN,NaN,NaN
10-May-2025 02:54:00,NaN,NaN,NaN
10-May-2025 02:55:00,NaN,NaN,NaN
10-May-2025 02:56:00,NaN,NaN,NaN
10-May-2025 02:57:00,NaN,NaN,NaN
10-May-2025 02:58:00,NaN,NaN,NaN
10-May-2025 02:59:00,NaN,NaN,NaN
10-May-2025 03:00:00,NaN,NaN,NaN
10-May-2025 03:01:00,NaN,NaN,NaN
10-May-2025 03:02:00,NaN,NaN,NaN
10-May-2025 03:03:00,NaN,NaN,NaN
10-May-2025 03:04:00,NaN,NaN,NaN
10-May-2025 03:05:00,NaN,NaN,NaN
10-May-2025 03:06:00,NaN,NaN,NaN
10-May-2025 03:07:00,NaN,NaN,NaN
10-May-2025 03:08:00,NaN,NaN,NaN
10-May-2025 03:09:00,NaN,NaN,NaN
10-May-2025 03:10:00,NaN,NaN,NaN
10-May-2025 03:11:00,NaN,NaN,NaN
10-May-2025 03:12:00,NaN,NaN,NaN
10-May-2025 03:13:00,NaN,NaN,NaN
10-May-2025 03:14:00,NaN,NaN,NaN
10-May-2025 03:15:00,NaN,NaN,NaN
10-May-2025 03:16:00,NaN,NaN,NaN
10-May-2025 03:17:00,NaN,NaN,NaN
10-May-2025 03:18:00,NaN,NaN,NaN
10-May-2025 03:19:00,NaN,NaN,NaN
10-May-2025 03:20:00,NaN,NaN,NaN
10-May-2025 03:21:00,NaN,NaN,NaN
10-May-2025 03:22:00,NaN,NaN,NaN
10-May-2025 03:23:00,NaN,NaN,NaN
10-May-2025 03:24:00,NaN,NaN,NaN
10-May-2025 03:25:00,NaN,NaN,NaN
10-May-2025 03:26:00,NaN,NaN,NaN
10-May-2025 03:27:00,NaN,NaN,NaN
10-May-2025 03:28:00,NaN,NaN,NaN
10-May-2025 03:29:00,NaN,NaN,NaN
10-May-2025 03:30:00,NaN,NaN,NaN
10-May-2025 03:31:00,NaN,NaN,NaN
10-May-2025 03:32:00,NaN,NaN,NaN
10-May-2025 03:33:00,NaN,NaN,NaN
10-May-2025 03:34:00,NaN,NaN,NaN
10-May-2025 03:35:00,NaN,NaN,NaN
10-May-2025 03:36:00,NaN,NaN,NaN
10-May-2025 03:37:00,NaN,NaN,NaN
10-May-2025 03:38:00,NaN,NaN,NaN
10-May-2025 03:39:00,NaN,NaN,NaN
10-May-2025 03:40:00,NaN,NaN,NaN
10-May-2025 03:41:00,NaN,NaN,NaN
10-May-2025 03:42:00,NaN,NaN,NaN
10-May-2025 03:43:00,NaN,NaN,NaN
10-May-2025 03:44:00,NaN,NaN,NaN
10-May-2025 03:45:00,NaN,NaN,NaN
10-May-2025 03:46:00,NaN,NaN,NaN
10-May-2025 03:47:00,NaN,NaN,NaN
10-May-2025 03:48:00,NaN,NaN,NaN
10-May-2025 03:49:00,NaN,NaN,NaN
10-May-2025 03:50:00,NaN,NaN,NaN
10-May-2025 03:51:00,NaN,NaN,NaN
10-May-2025 03:52:00,NaN,NaN,NaN
10-May-2025 03:53:00,NaN,NaN,NaN
10-May-2025 03:54:00,NaN,NaN,NaN
10-May-2025 03:55:00,NaN,NaN,NaN
10-May-2025 03:56:00,NaN,NaN,NaN
10-May-2025 03:57:00,NaN,NaN,NaN
10-May-2025 03:58:00,NaN,NaN,NaN
10-May-2025 03:59:00,NaN,NaN,NaN
10-May-2025 04:00:00,NaN,NaN,NaN
10-May-2025 04:01:00,NaN,NaN,NaN
10-May-2025 04:02:00,NaN,NaN,NaN
10-May-2025 04:03:00,NaN,NaN,NaN
10-May-2025 04:04:00,NaN,NaN,NaN
10-May-2025 04:05:00,NaN,NaN,NaN
10-May-2025 04:06:00,NaN,NaN,NaN
10-May-2025 04:07:00,NaN,NaN,NaN
10-May-2025 04:08:00,NaN,NaN,NaN
10-May-2025 04:09:00,NaN,NaN,NaN
10-May-2025 04:10:00,NaN,NaN,NaN
10-May-2025 04:11:00,NaN,NaN,NaN
10-May-2025 04:12:00,NaN,NaN,NaN
10-May-2025 04:13:00,NaN,NaN,NaN
10-May-2025 04:14:00,NaN,NaN,NaN
10-May-2025 04:15:00,NaN,NaN,NaN
10-May-2025 04:16:00,NaN,NaN,NaN
10-May-2025 04:17:00,NaN,NaN,NaN
10-May-2025 04:18:00,NaN,NaN,NaN
10-May-2025 04:19:00,NaN,NaN,NaN
10-May-2025 04:20:00,NaN,NaN,NaN
10-May-2025 04:21:00,NaN,NaN,NaN
10-May-2025 04:22:00,NaN,NaN,NaN
10-May-2025 04:23:00,NaN,NaN,NaN
10-May-2025 04:24:00,NaN,NaN,NaN
10-May-2025 04:25:00,NaN,NaN,NaN
10-May-2025 04:26:00,NaN,NaN,NaN
10-May-2025 04:27:00,NaN,NaN,NaN
10-May-2025 04:28:00,NaN,NaN,NaN
10-May-2025 04:29:00,NaN,NaN,NaN
10-May-2025 04:30:00,NaN,NaN,NaN
10-May-2025 04:31:00,NaN,NaN,NaN
10-May-2025 04:32:00,NaN,NaN,NaN
10-May-2025 04:33:00,NaN,NaN,NaN
10-May-2025 04:34:00,NaN,NaN,NaN
10-May-2025 04:35:00,NaN,NaN,NaN
10-May-2025 04:36:00,NaN,NaN,NaN
10-May-2025 04:37:00,NaN,NaN,NaN
10-May-2025 04:38:00,NaN,NaN,NaN
10-May-2025 04:39:00,NaN,NaN,NaN
10-May-2025 04:40:00,NaN,NaN,NaN
10-May-2025 04:41:00,NaN,NaN,NaN
10-May-2025 04:42:00,NaN,NaN,NaN
10-May-2025 04:43:00,NaN,NaN,NaN
10-May-2025 04:44:00,NaN,NaN,NaN
10-May-2025 04:45:00,NaN,NaN,NaN
10-May-2025 04:46:00,NaN,NaN,NaN
10-May-2025 04:47:00,NaN,NaN,NaN
10-May-2025 04:48:00,NaN,NaN,NaN
10-May-2025 04:49:00,NaN,NaN,NaN
10-May-2025 04:50:00,NaN,NaN,NaN
10-May-2025 04:51:00,NaN,NaN,NaN
10-May-2025 04:52:00,NaN,NaN,NaN
10-May-2025 04:53:00,NaN,NaN,NaN
10-May-2025 04:54:00,NaN,NaN,NaN
10-May-2025 04:55:00,NaN,NaN,NaN
10-May-2025 04:56:00,NaN,NaN,NaN
10-May-2025 04:57:00,NaN,NaN,NaN
10-May-2025 04:58:00,NaN,NaN,NaN
10-May-2025 04:59:00,NaN,NaN,NaN
10-May-2025 05:00:00,NaN,NaN,NaN
10-May-2025 05:01:00,NaN,NaN,NaN
10-May-2025 05:02:00,NaN,NaN,NaN
10-May-2025 05:03:00,NaN,NaN,NaN
10-May-2025 05:04:00,NaN,NaN,NaN
10-May-2025 05:05:00,NaN,NaN,NaN
10-May-2025 05:06:00,NaN,NaN,NaN
10-May-2025 05:07:00,NaN,NaN,NaN
10-May-2025 05:08:00,NaN,NaN,NaN
10-May-2025 05:09:00,NaN,NaN,NaN
10-May-2025 05:10:00,NaN,NaN,NaN
10-May-2025 05:11:00,NaN,NaN,NaN
10-May-2025 05:12:00,NaN,NaN,NaN
10-May-2025 05:13:00,NaN,NaN,NaN
10-May-2025 05:14:00,NaN,NaN,NaN
10-May-2025 05:15:00,NaN,NaN,NaN
10-May-2025 05:16:00,NaN,NaN,NaN
10-May-2025 05:17:00,NaN,NaN,NaN
10-May-2025 05:18:00,NaN,NaN,NaN
10-May-2025 05:19:00,NaN,NaN,NaN
10-May-2025 05:20:00,NaN,NaN,NaN
10-May-2025 05:21:00,NaN,NaN,NaN
10-May-2025 05:22:00,NaN,NaN,NaN
10-May-2025 05:23:00,NaN,NaN,NaN
10-May-2025 05:24:00,NaN,NaN,NaN
10-May-2025 05:25:00,NaN,NaN,NaN
10-May-2025 05:26:00,NaN,NaN,NaN
10-May-2025 05:27:00,NaN,NaN,NaN
10-May-2025 05:28:00,NaN,NaN,NaN
10-May-2025 05:29:00,NaN,NaN,NaN
10-May-2025 05:30:00,NaN,NaN,NaN
10-May-2025 05:31:00,NaN,NaN,NaN
10-May-2025 05:32:00,NaN,NaN,NaN
10-May-2025 05:33:00,NaN,NaN,NaN
10-May-2025 05:34:00,NaN,NaN,NaN
10-May-2025 05:35:00,NaN,NaN,NaN
10-May-2025 05:36:00,NaN,NaN,NaN
10-May-2025 05:37:00,NaN,NaN,NaN
10-May-2025 05:38:00,NaN,NaN,NaN
10-May-2025 05:39:00,NaN,NaN,NaN
10-May-2025 05:40:00,NaN,NaN,NaN
10-May-2025 05:41:00,NaN,NaN,NaN
10-May-2025 05:42:00,NaN,NaN,NaN
10-May-2025 05:43:00,NaN,NaN,NaN
10-May-2025 05:44:00,NaN,NaN,NaN
10-May-2025 05:45:00,NaN,NaN,NaN
10-May-2025 05:46:00,NaN,NaN,NaN
10-May-2025 05:47:00,NaN,NaN,NaN
10-May-2025 05:48:00,NaN,NaN,NaN
10-May-2025 05:49:00,NaN,NaN,NaN
10-May-2025 05:50:00,NaN,NaN,NaN
10-May-2025 05:51:00,NaN,NaN,NaN
10-May-2025 05:52:00,NaN,NaN,NaN
10-May-2025 05:53:00,NaN,NaN,NaN
10-May-2025 05:54:00,NaN,NaN,NaN
10-May-2025 05:55:00,NaN,NaN,NaN
10-May-2025 05:56:00,NaN,NaN,NaN
10-May-2025 05:57:00,NaN,NaN,NaN
10-May-2025 05:58:00,NaN,NaN,NaN
10-May-2025 05:59:00,NaN,NaN,NaN
10-May-2025 06:00:00,NaN,NaN,NaN
10-May-2025 06:01:00,NaN,NaN,NaN
10-May-2025 06:02:00,NaN,NaN,NaN
10-May-2025 06:03:00,NaN,NaN,NaN
10-May-2025 06:04:00,NaN,NaN,NaN
10-May-2025 06:05:00,NaN,NaN,NaN
10-May-2025 06:06:00,NaN,NaN,NaN
10-May-2025 06:07:00,NaN,NaN,NaN
10-May-2025 06:08:00,NaN,NaN,NaN
10-May-2025 06:09:00,NaN,NaN,NaN
10-May-2025 06:10:00,NaN,NaN,NaN
10-May-2025 06:11:00,NaN,NaN,NaN
10-May-2025 06:12:00,NaN,NaN,NaN
10-May-2025 06:13:00,NaN,NaN,NaN
10-May-2025 06:14:00,NaN,NaN,NaN
10-May-2025 06:15:00,NaN,NaN,NaN
10-May-2025 06:16:00,NaN,NaN,NaN
10-May-2025 06:17:00,NaN,NaN,NaN
10-May-2025 06:18:00,NaN,NaN,NaN
10-May-2025 06:19:00,NaN,NaN,NaN
10-May-2025 06:20:00,NaN,NaN,NaN
10-May-2025 06:21:00,NaN,NaN,NaN
10-May-2025 06:22:00,NaN,NaN,NaN
10-May-2025 06:23:00,NaN,NaN,NaN
10-May-2025 06:24:00,NaN,NaN,NaN
10-May-2025 06:25:00,NaN,NaN,NaN
10-May-2025 06:26:00,NaN,NaN,NaN
10-May-2025 06:27:00,NaN,NaN,NaN
10-May-2025 06:28:00,NaN,NaN,NaN
10-May-2025 06:29:00,NaN,NaN,NaN
10-May-2025 06:30:00,NaN,NaN,NaN
10-May-2025 06:31:00,NaN,NaN,NaN
10-May-2025 06:32:00,NaN,NaN,NaN
10-May-2025 06:33:00,NaN,NaN,NaN
10-May-2025 06:34:00,NaN,NaN,NaN
10-May-2025 06:35:00,NaN,NaN,NaN
10-May-2025 06:36:00,NaN,NaN,NaN
10-May-2025 06:37:00,NaN,NaN,NaN
10-May-2025 06:38:00,NaN,NaN,NaN
10-May-2025 06:39:00,NaN,NaN,NaN
10-May-2025 06:40:00,NaN,NaN,NaN
10-May-2025 06:41:00,NaN,NaN,NaN
10-May-2025 06:42:00,NaN,NaN,NaN
10-May-2025 06:43:00,NaN,NaN,NaN
10-May-2025 06:44:00,NaN,NaN,NaN
10-May-2025 06:45:00,NaN,NaN,NaN
10-May-2025 06:46:00,NaN,NaN,NaN
10-May-2025 06:47:00,NaN,NaN,NaN
10-May-2025 06:48:00,NaN,NaN,NaN
10-May-2025 06:49:00,NaN,NaN,NaN
10-May-2025 06:50:00,NaN,NaN,NaN
10-May-2025 06:51:00,NaN,NaN,NaN
10-May-2025 06:52:00,NaN,NaN,NaN
10-May-2025 06:53:00,NaN,NaN,NaN
10-May-2025 06:54:00,NaN,NaN,NaN
10-May-2025 06:55:00,NaN,NaN,NaN
10-May-2025 06:56:00,NaN,NaN,NaN
10-May-2025 06:57:00,NaN,NaN,NaN
10-May-2025 06:58:00,NaN,NaN,NaN
10-May-2025 06:59:00,NaN,NaN,NaN
10-May-2025 07:00:00,NaN,NaN,NaN
10-May-2025 07:01:00,NaN,NaN,NaN
10-May-2025 07:02:00,NaN,NaN,NaN
10-May-2025 07:03:00,NaN,NaN,NaN
10-May-2025 07:04:00,NaN,NaN,NaN
10-May-2025 07:05:00,NaN,NaN,NaN
10-May-2025 07:06:00,NaN,NaN,NaN
10-May-2025 07:07:00,NaN,NaN,NaN
10-May-2025 07:08:00,NaN,NaN,NaN
10-May-2025 07:09:00,NaN,NaN,NaN
10-May-2025 07:10:00,NaN,NaN,NaN
10-May-2025 07:11:00,NaN,NaN,NaN
10-May-2025 07:12:00,NaN,NaN,NaN
10-May-2025 07:13:00,NaN,NaN,NaN
10-May-2025 07:14:00,NaN,NaN,NaN
10-May-2025 07:15:00,NaN,NaN,NaN
10-May-2025 07:16:00,NaN,NaN,NaN
10-May-2025 07:17:00,NaN,NaN,NaN
10-May-2025 07:18:00,NaN,NaN,NaN
10-May-2025 07:19:00,NaN,NaN,NaN
10-May-2025 07:20:00,NaN,NaN,NaN
10-May-2025 07:21:00,NaN,NaN,NaN
10-May-2025 07:22:00,NaN,NaN,NaN
10-May-2025 07:23:00,NaN,NaN,NaN
10-May-2025 07:24:00,NaN,NaN,NaN
10-May-2025 07:25:00,NaN,NaN,NaN
10-May-2025 07:26:00,NaN,NaN,NaN
10-May-2025 07:27:00,NaN,NaN,NaN
10-May-2025 07:28:00,NaN,NaN,NaN
10-May-2025 07:29:00,NaN,NaN,NaN
10-May-2025 07:30:00,NaN,NaN,NaN
10-May-2025 07:31:00,NaN,NaN,NaN
10-May-2025 07:32:00,NaN,NaN,NaN
10-May-2025 07:33:00,NaN,NaN,NaN
10-May-2025 07:34:00,NaN,NaN,NaN
10-May-2025 07:35:00,NaN,NaN,NaN
10-May-2025 07:36:00,NaN,NaN,NaN
10-May-2025 07:37:00,NaN,NaN,NaN
10-May-2025 07:38:00,NaN,NaN,NaN
10-May-2025 07:39:00,NaN,NaN,NaN
10-May-2025 07:40:00,NaN,NaN,NaN
10-May-2025 07:41:00,NaN,NaN,NaN
10-May-2025 07:42:00,NaN,NaN,NaN
10-May-2025 07:43:00,NaN,NaN,NaN
10-May-2025 07:44:00,NaN,NaN,NaN
10-May-2025 07:45:00,NaN,NaN,NaN
10-May-2025 07:46:00,NaN,NaN,NaN
10-May-2025 07:47:00,NaN,NaN,NaN
10-May-2025 07:48:00,NaN,NaN,NaN
10-May-2025 07:49:00,NaN,NaN,NaN
10-May-2025 07:50:00,NaN,NaN,NaN
10-May-2025 07:51:00,NaN,NaN,NaN
10-May-2025 07:52:00,NaN,NaN,NaN
10-May-2025 07:53:00,NaN,NaN,NaN
10-May-2025 07:54:00,NaN,NaN,NaN
10-May-2025 07:55:00,NaN,NaN,NaN
10-May-2025 07:56:00,NaN,NaN,NaN
10-May-2025 07:57:00,NaN,NaN,NaN
10-May-2025 07:58:00,NaN,NaN,NaN
10-May-2025 07:59:00,NaN,NaN,NaN
10-May-2025 08:00:00,NaN,NaN,NaN
10-May-2025 08:01:00,NaN,NaN,NaN
10-May-2025 08:02:00,NaN,NaN,NaN
10-May-2025 08:03:00,NaN,NaN,NaN
10-May-2025 08:04:00,NaN,NaN,NaN
10-May-2025 08:05:00,NaN,NaN,NaN
10-May-2025 08:06:00,NaN,NaN,NaN
10-May-2025 08:07:00,NaN,NaN,NaN
10-May-2025 08:08:00,NaN,NaN,NaN
10-May-2025 08:09:00,NaN,NaN,NaN
10-May-2025 08:10:00,NaN,NaN,NaN
10-May-2025 08:11:00,NaN,NaN,NaN
10-May-2025 08:12:00,NaN,NaN,NaN
10-May-2025 08:13:00,NaN,NaN,NaN
10-May-2025 08:14:00,NaN,NaN,NaN
10-May-2025 08:15:00,NaN,NaN,NaN
10-May-2025 08:16:00,NaN,NaN,NaN
10-May-2025 08:17:00,NaN,NaN,NaN
10-May-2025 08:18:00,NaN,NaN,NaN
10-May-2025 08:19:00,NaN,NaN,NaN
10-May-2025 08:20:00,NaN,NaN,NaN
10-May-2025 08:21:00,NaN,NaN,NaN
10-May-2025 08:22:00,NaN,NaN,NaN
10-May-2025 08:23:00,NaN,NaN,NaN
10-May-2025 08:24:00,NaN,NaN,NaN
10-May-2025 08:25:00,NaN,NaN,NaN
10-May-2025 08:26:00,NaN,NaN,NaN
10-May-2025 08:27:00,NaN,NaN,NaN
10-May-2025 08:28:00,NaN,NaN,NaN
10-May-2025 08:29:00,NaN,NaN,NaN
10-May-2025 08:30:00,NaN,NaN,NaN
10-May-2025 08:31:00,NaN,NaN,NaN
10-May-2025 08:32:00,NaN,NaN,NaN
10-May-2025 08:33:00,NaN,NaN,NaN
10-May-2025 08:34:00,NaN,NaN,NaN
10-May-2025 08:35:00,NaN,NaN,NaN
10-May-2025 08:36:00,NaN,NaN,NaN
10-May-2025 08:37:00,NaN,NaN,NaN
10-May-2025 08:38:00,NaN,NaN,NaN
10-May-2025 08:39:00,NaN,NaN,NaN
10-May-2025 08:40:00,NaN,NaN,NaN
10-May-2025 08:41:00,NaN,NaN,NaN
10-May-2025 08:42:00,NaN,NaN,NaN
10-May-2025 08:43:00,NaN,NaN,NaN
10-May-2025 08:44:00,NaN,NaN,NaN
10-May-2025 08:45:00,NaN,NaN,NaN
10-May-2025 08:46:00,NaN,NaN,NaN
10-May-2025 08:47:00,NaN,NaN,NaN
10-May-2025 08:48:00,NaN,NaN,NaN
10-May-2025 08:49:00,NaN,NaN,NaN
10-May-2025 08:50:00,NaN,NaN,NaN
10-May-2025 08:51:00,NaN,NaN,NaN
10-May-2025 08:52:00,NaN,NaN,NaN
10-May-2025 08:53:00,NaN,NaN,NaN
10-May-2025 08:54:00,NaN,NaN,NaN
10-May-2025 08:55:00,NaN,NaN,NaN
10-May-2025 08:56:00,NaN,NaN,NaN
10-May-2025 08:57:00,NaN,NaN,NaN
10-May-2025 08:58:00,NaN,NaN,NaN
10-May-2025 08:59:00,NaN,NaN,NaN
10-May-2025 09:00:00,NaN,NaN,NaN
10-May-2025 09:01:00,NaN,NaN,NaN
10-May-2025 09:02:00,NaN,NaN,NaN
10-May-2025 09:03:00,NaN,NaN,NaN
10-May-2025 09:04:00,NaN,NaN,NaN
10-May-2025 09:05:00,NaN,NaN,NaN
10-May-2025 09:06:00,NaN,NaN,NaN
10-May-2025 09:07:00,NaN,NaN,NaN
10-May-2025 09:08:00,NaN,NaN,NaN
10-May-2025 09:09:00,NaN,NaN,NaN
10-May-2025 09:10:00,NaN,NaN,NaN
10-May-2025 09:11:00,NaN,NaN,NaN
10-May-2025 09:12:00,NaN,NaN,NaN
10-May-2025 09:13:00,NaN,NaN,NaN
10-May-2025 09:14:00,NaN,NaN,NaN
10-May-2025 09:15:00,NaN,NaN,NaN
10-May-2025 09:16:00,NaN,NaN,NaN
10-May-2025 09:17:00,NaN,NaN,NaN
10-May-2025 09:18:00,NaN,NaN,NaN
10-May-2025 09:19:00,NaN,NaN,NaN
10-May-2025 09:20:00,NaN,NaN,NaN
10-May-2025 09:21:00,NaN,NaN,NaN
10-May-2025 09:22:00,NaN,NaN,NaN
10-May-2025 09:23:00,NaN,NaN,NaN
10-May-2025 09:24:00,NaN,NaN,NaN
10-May-2025 09:25:00,NaN,NaN,NaN
10-May-2025 09:26:00,NaN,NaN,NaN
10-May-2025 09:27:00,NaN,NaN,NaN
10-May-2025 09:28:00,NaN,NaN,NaN
10-May-2025 09:29:00,NaN,NaN,NaN
10-May-2025 09:30:00,NaN,NaN,NaN
10-May-2025 09:31:00,NaN,NaN,NaN
10-May-2025 09:32:00,NaN,NaN,NaN
10-May-2025 09:33:00,NaN,NaN,NaN
10-May-2025 09:34:00,NaN,NaN,NaN
10-May-2025 09:35:00,NaN,NaN,NaN
10-May-2025 09:36:00,NaN,NaN,NaN
10-May-2025 09:37:00,NaN,NaN,NaN
10-May-2025 09:38:00,NaN,NaN,NaN
10-May-2025 09:39:00,NaN,NaN,NaN
10-May-2025 09:40:00,NaN,NaN,NaN
10-May-2025 09:41:00,NaN,NaN,NaN
10-May-2025 09:42:00,NaN,NaN,NaN
10-May-2025 09:43:00,NaN,NaN,NaN
10-May-2025 09:44:00,NaN,NaN,NaN
10-May-2025 09:45:00,NaN,NaN,NaN
10-May-2025 09:46:00,NaN,NaN,NaN
10-May-2025 09:47:00,NaN,NaN,NaN
10-May-2025 09:48:00,NaN,NaN,NaN
10-May-2025 09:49:00,NaN,NaN,NaN
10-May-2025 09:50:00,NaN,NaN,NaN
10-May-2025 09:51:00,NaN,NaN,NaN
10-May-2025 09:52:00,NaN,NaN,NaN
10-May-2025 09:53:00,NaN,NaN,NaN
10-May-2025 09:54:00,NaN,NaN,NaN
10-May-2025 09:55:00,NaN,NaN,NaN
10-May-2025 09:56:00,NaN,NaN,NaN
10-May-2025 09:57:00,NaN,NaN,NaN
10-May-2025 09:58:00,NaN,NaN,NaN
10-May-2025 09:59:00,NaN,NaN,NaN
10-May-2025 10:00:00,NaN,NaN,NaN
10-May-2025 10:01:00,NaN,NaN,NaN
10-May-2025 10:02:00,NaN,NaN,NaN
10-May-2025 10:03:00,NaN,NaN,NaN
10-May-2025 10:04:00,NaN,NaN,NaN
10-May-2025 10:05:00,NaN,NaN,NaN
10-May-2025 10:06:00,NaN,NaN,NaN
10-May-2025 10:07:00,NaN,NaN,NaN
10-May-2025 10:08:00,NaN,NaN,NaN
10-May-2025 10:09:00,NaN,NaN,NaN
10-May-2025 10:10:00,NaN,NaN,NaN
10-May-2025 10:11:00,NaN,NaN,NaN
10-May-2025 10:12:00,NaN,NaN,NaN
10-May-2025 10:13:00,NaN,NaN,NaN
10-May-2025 10:14:00,NaN,NaN,NaN
10-May-2025 10:15:00,NaN,NaN,NaN
10-May-2025 10:16:00,NaN,NaN,NaN
10-May-2025 10:17:00,NaN,NaN,NaN
10-May-2025 10:18:00,NaN,NaN,NaN
10-May-2025 10:19:00,NaN,NaN,NaN
10-May-2025 10:20:00,NaN,NaN,NaN
10-May-2025 10:21:00,NaN,NaN,NaN
10-May-2025 10:22:00,NaN,NaN,NaN
10-May-2025 10:23:00,NaN,NaN,NaN
10-May-2025 10:24:00,NaN,NaN,NaN
10-May-2025 10:25:00,NaN,NaN,NaN
10-May-2025 10:26:00,NaN,NaN,NaN
10-May-2025 10:27:00,NaN,NaN,NaN
10-May-2025 10:28:00,NaN,NaN,NaN
10-May-2025 10:29:00,NaN,NaN,NaN
10-May-2025 10:30:00,NaN,NaN,NaN
10-May-2025 10:31:00,NaN,NaN,NaN
10-May-2025 10:32:00,NaN,NaN,NaN
10-May-2025 10:33:00,NaN,NaN,NaN
10-May-2025 10:34:00,NaN,NaN,NaN
10-May-2025 10:35:00,NaN,NaN,NaN
10-May-2025 10:36:00,NaN,NaN,NaN
10-May-2025 10:37:00,NaN,NaN,NaN
10-May-2025 10:38:00,NaN,NaN,NaN
10-May-2025 10:39:00,NaN,NaN,NaN
10-May-2025 10:40:00,NaN,NaN,NaN
10-May-2025 10:41:00,NaN,NaN,NaN
10-May-2025 10:42:00,NaN,NaN,NaN
10-May-2025 10:43:00,NaN,NaN,NaN
10-May-2025 10:44:00,NaN,NaN,NaN
10-May-2025 10:45:00,NaN,NaN,NaN
10-May-2025 10:46:00,NaN,NaN,NaN
10-May-2025 10:47:00,NaN,NaN,NaN
10-May-2025 10:48:00,NaN,NaN,NaN
10-May-2025 10:49:00,NaN,NaN,NaN
10-May-2025 10:50:00,NaN,NaN,NaN
10-May-2025 10:51:00,NaN,NaN,NaN
10-May-2025 10:52:00,NaN,NaN,NaN
10-May-2025 10:53:00,NaN,NaN,NaN
10-May-2025 10:54:00,NaN,NaN,NaN
10-May-2025 10:55:00,NaN,NaN,NaN
10-May-2025 10:56:00,NaN,NaN,NaN
10-May-2025 10:57:00,NaN,NaN,NaN
10-May-2025 10:58:00,NaN,NaN,NaN
10-May-2025 10:59:00,NaN,NaN,NaN
10-May-2025 11:00:00,NaN,NaN,NaN
10-May-2025 11:01:00,NaN,NaN,NaN
10-May-2025 11:02:00,NaN,NaN,NaN
10-May-2025 11:03:00,NaN,NaN,NaN
10-May-2025 11:04:00,NaN,NaN,NaN
10-May-2025 11:05:00,NaN,NaN,NaN
10-May-2025 11:06:00,NaN,NaN,NaN
10-May-2025 11:07:00,NaN,NaN,NaN
10-May-2025 11:08:00,NaN,NaN,NaN
10-May-2025 11:09:00,NaN,NaN,NaN
10-May-2025 11:10:00,NaN,NaN,NaN
10-May-2025 11:11:00,NaN,NaN,NaN
10-May-2025 11:12:00,NaN,NaN,NaN
10-May-2025 11:13:00,NaN,NaN,NaN
10-May-2025 11:14:00,NaN,NaN,NaN
10-May-2025 11:15:00,NaN,NaN,NaN
10-May-2025 11:16:00,NaN,NaN,NaN
10-May-2025 11:17:00,NaN,NaN,NaN
10-May-2025 11:18:00,NaN,NaN,NaN
10-May-2025 11:19:00,NaN,NaN,NaN
10-May-2025 11:20:00,NaN,NaN,NaN
10-May-2025 11:21:00,NaN,NaN,NaN
10-May-2025 11:22:00,NaN,NaN,NaN
10-May-2025 11:23:00,NaN,NaN,NaN
10-May-2025 11:24:00,NaN,NaN,NaN
10-May-2025 11:25:00,NaN,NaN,NaN
10-May-2025 11:26:00,NaN,NaN,NaN
10-May-2025 11:27:00,NaN,NaN,NaN
10-May-2025 11:28:00,NaN,NaN,NaN
10-May-2025 11:29:00,NaN,NaN,NaN
10-May-2025 11:30:00,NaN,NaN,NaN
10-May-2025 11:31:00,NaN,NaN,NaN
10-May-2025 11:32:00,NaN,NaN,NaN
10-May-2025 11:33:00,NaN,NaN,NaN
10-May-2025 11:34:00,NaN,NaN,NaN
10-May-2025 11:35:00,NaN,NaN,NaN
10-May-2025 11:36:00,NaN,NaN,NaN
10-May-2025 11:37:00,NaN,NaN,NaN
10-May-2025 11:38:00,NaN,NaN,NaN
10-May-2025 11:39:00,NaN,NaN,NaN
10-May-2025 11:40:00,NaN,NaN,NaN
10-May-2025 11:41:00,NaN,NaN,NaN
10-May-2025 11:42:00,NaN,NaN,NaN
10-May-2025 11:43:00,NaN,NaN,NaN
10-May-2025 11:44:00,NaN,NaN,NaN
10-May-2025 11:45:00,NaN,NaN,NaN
10-May-2025 11:46:00,NaN,NaN,NaN
10-May-2025 11:47:00,NaN,NaN,NaN
10-May-2025 11:48:00,NaN,NaN,NaN
10-May-2025 11:49:00,NaN,NaN,NaN
10-May-2025 11:50:00,NaN,NaN,NaN
10-May-2025 11:51:00,NaN,NaN,NaN
10-May-2025 11:52:00,NaN,NaN,NaN
10-May-2025 11:53:00,NaN,NaN,NaN
10-May-2025 11:54:00,NaN,NaN,NaN
10-May-2025 11:55:00,NaN,NaN,NaN
10-May-2025 11:56:00,NaN,NaN,NaN
10-May-2025 11:57:00,NaN,NaN,NaN
10-May-2025 11:58:00,NaN,NaN,NaN
10-May-2025 11:59:00,NaN,NaN,NaN
10-May-2025 12:00:00,NaN,NaN,NaN
10-May-2025 12:01:00,NaN,NaN,NaN
10-May-2025 12:02:00,NaN,NaN,NaN
10-May-2025 12:03:00,NaN,NaN,NaN
10-May-2025 12:04:00,NaN,NaN,NaN
10-May-2025 12:05:00,NaN,NaN,NaN
10-May-2025 12:06:00,NaN,NaN,NaN
10-May-2025 12:07:00,NaN,NaN,NaN
10-May-2025 12:08:00,NaN,NaN,NaN
10-May-2025 12:09:00,NaN,NaN,NaN
10-May-2025 12:10:00,NaN,NaN,NaN
10-May-2025 12:11:00,NaN,NaN,NaN
10-May-2025 12:12:00,NaN,NaN,NaN
10-May-2025 12:13:00,NaN,NaN,NaN
10-May-2025 12:14:00,NaN,NaN,NaN
10-May-2025 12:15:00,NaN,NaN,NaN
10-May-2025 12:16:00,NaN,NaN,NaN
10-May-2025 12:17:00,NaN,NaN,NaN
10-May-2025 12:18:00,NaN,NaN,NaN
10-May-2025 12:19:00,NaN,NaN,NaN
10-May-2025 12:20:00,NaN,NaN,NaN
10-May-2025 12:21:00,NaN,NaN,NaN
10-May-2025 12:22:00,NaN,NaN,NaN
10-May-2025 12:23:00,NaN,NaN,NaN
10-May-2025 12:24:00,NaN,NaN,NaN
10-May-2025 12:25:00,NaN,NaN,NaN
10-May-2025 12:26:00,NaN,NaN,NaN
10-May-2025 12:27:00,NaN,NaN,NaN
10-May-2025 12:28:00,NaN,NaN,NaN
10-May-2025 12:29:00,NaN,NaN,NaN
10-May-2025 12:30:00,NaN,NaN,NaN
10-May-2025 12:31:00,NaN,NaN,NaN
10-May-2025 12:32:00,NaN,NaN,NaN
10-May-2025 12:33:00,NaN,NaN,NaN
10-May-2025 12:34:00,NaN,NaN,NaN
10-May-2025 12:35:00,NaN,NaN,NaN
10-May-2025 12:36:00,NaN,NaN,NaN
10-May-2025 12:37:00,NaN,NaN,NaN
10-May-2025 12:38:00,NaN,NaN,NaN
10-May-2025 12:39:00,NaN,NaN,NaN
10-May-2025 12:40:00,NaN,NaN,NaN
10-May-2025 12:41:00,NaN,NaN,NaN
10-May-2025 12:42:00,NaN,NaN,NaN
10-May-2025 12:43:00,NaN,NaN,NaN
10-May-2025 12:44:00,NaN,NaN,NaN
10-May-2025 12:45:00,NaN,NaN,NaN
10-May-2025 12:46:00,NaN,NaN,NaN
10-May-2025 12:47:00,NaN,NaN,NaN
10-May-2025 12:48:00,NaN,NaN,NaN
10-May-2025 12:49:00,NaN,NaN,NaN
10-May-2025 12:50:00,NaN,NaN,NaN
10-May-2025 12:51:00,NaN,NaN,NaN
10-May-2025 12:52:00,NaN,NaN,NaN
10-May-2025 12:53:00,NaN,NaN,NaN
10-May-2025 12:54:00,NaN,NaN,NaN
10-May-2025 12:55:00,NaN,NaN,NaN
10-May-2025 12:56:00,NaN,NaN,NaN
10-May-2025 12:57:00,NaN,NaN,NaN
10-May-2025 12:58:00,NaN,NaN,NaN
10-May-2025 12:59:00,NaN,NaN,NaN
10-May-2025 13:00:00,NaN,NaN,NaN
10-May-2025 13:01:00,NaN,NaN,NaN
10-May-2025 13:02:00,NaN,NaN,NaN
10-May-2025 13:03:00,NaN,NaN,NaN
10-May-2025 13:04:00,NaN,NaN,NaN
10-May-2025 13:05:00,NaN,NaN,NaN
10-May-2025 13:06:00,NaN,NaN,NaN
10-May-2025 13:07:00,NaN,NaN,NaN
10-May-2025 13:08:00,NaN,NaN,NaN
10-May-2025 13:09:00,NaN,NaN,NaN
10-May-2025 13:10:00,NaN,NaN,NaN
10-May-2025 13:11:00,NaN,NaN,NaN
10-May-2025 13:12:00,NaN,NaN,NaN
10-May-2025 13:13:00,NaN,NaN,NaN
10-May-2025 13:14:00,NaN,NaN,NaN
10-May-2025 13:15:00,NaN,NaN,NaN
10-May-2025 13:16:00,NaN,NaN,NaN
10-May-2025 13:17:00,NaN,NaN,NaN
10-May-2025 13:18:00,NaN,NaN,NaN
10-May-2025 13:19:00,NaN,NaN,NaN
10-May-2025 13:20:00,NaN,NaN,NaN
10-May-2025 13:21:00,NaN,NaN,NaN
10-May-2025 13:22:00,NaN,NaN,NaN
10-May-2025 13:23:00,NaN,NaN,NaN
10-May-2025 13:24:00,NaN,NaN,NaN
10-May-2025 13:25:00,NaN,NaN,NaN
10-May-2025 13:26:00,NaN,NaN,NaN
10-May-2025 13:27:00,NaN,NaN,NaN
10-May-2025 13:28:00,NaN,NaN,NaN
10-May-2025 13:29:00,NaN,NaN,NaN
10-May-2025 13:30:00,NaN,NaN,NaN
10-May-2025 13:31:00,NaN,NaN,NaN
10-May-2025 13:32:00,NaN,NaN,NaN
10-May-2025 13:33:00,NaN,NaN,NaN
10-May-2025 13:34:00,NaN,NaN,NaN
10-May-2025 13:35:00,NaN,NaN,NaN
10-May-2025 13:36:00,NaN,NaN,NaN
10-May-2025 13:37:00,NaN,NaN,NaN
10-May-2025 13:38:00,NaN,NaN,NaN
10-May-2025 13:39:00,NaN,NaN,NaN
10-May-2025 13:40:00,NaN,NaN,NaN
10-May-2025 13:41:00,NaN,NaN,NaN
10-May-2025 13:42:00,NaN,NaN,NaN
10-May-2025 13:43:00,NaN,NaN,NaN
10-May-2025 13:44:00,NaN,NaN,NaN
10-May-2025 13:45:00,NaN,NaN,NaN
10-May-2025 13:46:00,NaN,NaN,NaN
10-May-2025 13:47:00,NaN,NaN,NaN
10-May-2025 13:48:00,NaN,NaN,NaN
10-May-2025 13:49:00,NaN,NaN,NaN
10-May-2025 13:50:00,NaN,NaN,NaN
10-May-2025 13:51:00,NaN,NaN,NaN
10-May-2025 13:52:00,NaN,NaN,NaN
10-May-2025 13:53:00,NaN,NaN,NaN
10-May-2025 13:54:00,NaN,NaN,NaN
10-May-2025 13:55:00,NaN,NaN,NaN
10-May-2025 13:56:00,NaN,NaN,NaN
10-May-2025 13:57:00,NaN,NaN,NaN
10-May-2025 13:58:00,NaN,NaN,NaN
10-May-2025 13:59:00,NaN,NaN,NaN
10-May-2025 14:00:00,NaN,NaN,NaN
10-May-2025 14:01:00,NaN,NaN,NaN
10-May-2025 14:02:00,NaN,NaN,NaN
10-May-2025 14:03:00,NaN,NaN,NaN
10-May-2025 14:04:00,NaN,NaN,NaN
10-May-2025 14:05:00,NaN,NaN,NaN
10-May-2025 14:06:00,NaN,NaN,NaN
10-May-2025 14:07:00,NaN,NaN,NaN
10-May-2025 14:08:00,NaN,NaN,NaN
10-May-2025 14:09:00,NaN,NaN,NaN
10-May-2025 14:10:00,NaN,NaN,NaN
10-May-2025 14:11:00,NaN,NaN,NaN
10-May-2025 14:12:00,NaN,NaN,NaN
10-May-2025 14:13:00,NaN,NaN,NaN
10-May-2025 14:14:00,NaN,NaN,NaN
10-May-2025 14:15:00,NaN,NaN,NaN
10-May-2025 14:16:00,NaN,NaN,NaN
10-May-2025 14:17:00,NaN,NaN,NaN
10-May-2025 14:18:00,NaN,NaN,NaN
10-May-2025 14:19:00,NaN,NaN,NaN
10-May-2025 14:20:00,NaN,NaN,NaN
10-May-2025 14:21:00,NaN,NaN,NaN
10-May-2025 14:22:00,NaN,NaN,NaN
10-May-2025 14:23:00,NaN,NaN,NaN
10-May-2025 14:24:00,NaN,NaN,NaN
10-May-2025 14:25:00,NaN,NaN,NaN
10-May-2025 14:26:00,NaN,NaN,NaN
10-May-2025 14:27:00,NaN,NaN,NaN
10-May-2025 14:28:00,NaN,NaN,NaN
10-May-2025 14:29:00,NaN,NaN,NaN
10-May-2025 14:30:00,NaN,NaN,NaN
10-May-2025 14:31:00,NaN,NaN,NaN
10-May-2025 14:32:00,NaN,NaN,NaN
10-May-2025 14:33:00,NaN,NaN,NaN
10-May-2025 14:34:00,NaN,NaN,NaN
10-May-2025 14:35:00,NaN,NaN,NaN
10-May-2025 14:36:00,NaN,NaN,NaN
10-May-2025 14:37:00,NaN,NaN,NaN
10-May-2025 14:38:00,NaN,NaN,NaN
10-May-2025 14:39:00,NaN,NaN,NaN
10-May-2025 14:40:00,NaN,NaN,NaN
10-May-2025 14:41:00,NaN,NaN,NaN
10-May-2025 14:42:00,NaN,NaN,NaN
10-May-2025 14:43:00,NaN,NaN,NaN
10-May-2025 14:44:00,NaN,NaN,NaN
10-May-2025 14:45:00,NaN,NaN,NaN
10-May-2025 14:46:00,NaN,NaN,NaN
10-May-2025 14:47:00,NaN,NaN,NaN
10-May-2025 14:48:00,NaN,NaN,NaN
10-May-2025 14:49:00,NaN,NaN,NaN
10-May-2025 14:50:00,NaN,NaN,NaN
10-May-2025 14:51:00,NaN,NaN,NaN
10-May-2025 14:52:00,NaN,NaN,NaN
10-May-2025 14:53:00,NaN,NaN,NaN
10-May-2025 14:54:00,NaN,NaN,NaN
10-May-2025 14:55:00,NaN,NaN,NaN
10-May-2025 14:56:00,NaN,NaN,NaN
10-May-2025 14:57:00,NaN,NaN,NaN
10-May-2025 14:58:00,NaN,NaN,NaN
10-May-2025 14:59:00,NaN,NaN,NaN
10-May-2025 15:00:00,NaN,NaN,NaN
10-May-2025 15:01:00,NaN,NaN,NaN
10-May-2025 15:02:00,NaN,NaN,NaN
10-May-2025 15:03:00,NaN,NaN,NaN
10-May-2025 15:04:00,NaN,NaN,NaN
10-May-2025 15:05:00,NaN,NaN,NaN
10-May-2025 15:06:00,NaN,NaN,NaN
10-May-2025 15:07:00,NaN,NaN,NaN
10-May-2025 15:08:00,NaN,NaN,NaN
10-May-2025 15:09:00,NaN,NaN,NaN
10-May-2025 15:10:00,NaN,NaN,NaN
10-May-2025 15:11:00,NaN,NaN,NaN
10-May-2025 15:12:00,NaN,NaN,NaN
10-May-2025 15:13:00,NaN,NaN,NaN
10-May-2025 15:14:00,NaN,NaN,NaN
10-May-2025 15:15:00,NaN,NaN,NaN
10-May-2025 15:16:00,NaN,NaN,NaN
10-May-2025 15:17:00,NaN,NaN,NaN
10-May-2025 15:18:00,NaN,NaN,NaN
10-May-2025 15:19:00,NaN,NaN,NaN
10-May-2025 15:20:00,NaN,NaN,NaN
10-May-2025 15:21:00,NaN,NaN,NaN
10-May-2025 15:22:00,NaN,NaN,NaN
10-May-2025 15:23:00,NaN,NaN,NaN
10-May-2025 15:24:00,NaN,NaN,NaN
10-May-2025 15:25:00,NaN,NaN,NaN
10-May-2025 15:26:00,NaN,NaN,NaN
10-May-2025 15:27:00,NaN,NaN,NaN
10-May-2025 15:28:00,NaN,NaN,NaN
10-May-2025 15:29:00,NaN,NaN,NaN
10-May-2025 15:30:00,NaN,NaN,NaN
10-May-2025 15:31:00,NaN,NaN,NaN
10-May-2025 15:32:00,NaN,NaN,NaN
10-May-2025 15:33:00,NaN,NaN,NaN
10-May-2025 15:34:00,NaN,NaN,NaN
10-May-2025 15:35:00,NaN,NaN,NaN
10-May-2025 15:36:00,NaN,NaN,NaN
10-May-2025 15:37:00,NaN,NaN,NaN
10-May-2025 15:38:00,NaN,NaN,NaN
10-May-2025 15:39:00,NaN,NaN,NaN
10-May-2025 15:40:00,NaN,NaN,NaN
10-May-2025 15:41:00,NaN,NaN,NaN
10-May-2025 15:42:00,NaN,NaN,NaN
10-May-2025 15:43:00,NaN,NaN,NaN
10-May-2025 15:44:00,NaN,NaN,NaN
10-May-2025 15:45:00,NaN,NaN,NaN
10-May-2025 15:46:00,NaN,NaN,NaN
10-May-2025 15:47:00,NaN,NaN,NaN
10-May-2025 15:48:00,NaN,NaN,NaN
10-May-2025 15:49:00,NaN,NaN,NaN
10-May-2025 15:50:00,NaN,NaN,NaN
10-May-2025 15:51:00,NaN,NaN,NaN
10-May-2025 15:52:00,NaN,NaN,NaN
10-May-2025 15:53:00,NaN,NaN,NaN
10-May-2025 15:54:00,NaN,NaN,NaN
10-May-2025 15:55:00,NaN,NaN,NaN
10-May-2025 15:56:00,NaN,NaN,NaN
10-May-2025 15:57:00,NaN,NaN,NaN
10-May-2025 15:58:00,NaN,NaN,NaN
10-May-2025 15:59:00,NaN,NaN,NaN
10-May-2025 16:00:00,NaN,NaN,NaN
10-May-2025 16:01:00,NaN,NaN,NaN
10-May-2025 16:02:00,NaN,NaN,NaN
10-May-2025 16:03:00,NaN,NaN,NaN
10-May-2025 16:04:00,NaN,NaN,NaN
10-May-2025 16:05:00,NaN,NaN,NaN
10-May-2025 16:06:00,NaN,NaN,NaN
10-May-2025 16:07:00,NaN,NaN,NaN
10-May-2025 16:08:00,NaN,NaN,NaN
10-May-2025 16:09:00,NaN,NaN,NaN
10-May-2025 16:10:00,NaN,NaN,NaN
10-May-2025 16:11:00,NaN,NaN,NaN
10-May-2025 16:12:00,NaN,NaN,NaN
10-May-2025 16:13:00,NaN,NaN,NaN
10-May-2025 16:14:00,NaN,NaN,NaN
10-May-2025 16:15:00,NaN,NaN,NaN
10-May-2025 16:16:00,NaN,NaN,NaN
10-May-2025 16:17:00,NaN,NaN,NaN
10-May-2025 16:18:00,NaN,NaN,NaN
10-May-2025 16:19:00,NaN,NaN,NaN
10-May-2025 16:20:00,NaN,NaN,NaN
10-May-2025 16:21:00,NaN,NaN,NaN
10-May-2025 16:22:00,NaN,NaN,NaN
10-May-2025 16:23:00,NaN,NaN,NaN
10-May-2025 16:24:00,NaN,NaN,NaN
10-May-2025 16:25:00,NaN,NaN,NaN
10-May-2025 16:26:00,NaN,NaN,NaN
10-May-2025 16:27:00,NaN,NaN,NaN
10-May-2025 16:28:00,NaN,NaN,NaN
10-May-2025 16:29:00,NaN,NaN,NaN
10-May-2025 16:30:00,NaN,NaN,NaN
10-May-2025 16:31:00,NaN,NaN,NaN
10-May-2025 16:32:00,NaN,NaN,NaN
10-May-2025 16:33:00,NaN,NaN,NaN
10-May-2025 16:34:00,NaN,NaN,NaN
10-May-2025 16:35:00,NaN,NaN,NaN
10-May-2025 16:36:00,NaN,NaN,NaN
10-May-2025 16:37:00,NaN,NaN,NaN
10-May-2025 16:38:00,NaN,NaN,NaN
10-May-2025 16:39:00,NaN,NaN,NaN
10-May-2025 16:40:00,NaN,NaN,NaN
10-May-2025 16:41:00,NaN,NaN,NaN
10-May-2025 16:42:00,NaN,NaN,NaN
10-May-2025 16:43:00,NaN,NaN,NaN
10-May-2025 16:44:00,NaN,NaN,NaN
10-May-2025 16:45:00,NaN,NaN,NaN
10-May-2025 16:46:00,NaN,NaN,NaN
10-May-2025 16:47:00,NaN,NaN,NaN
10-May-2025 16:48:00,NaN,NaN,NaN
10-May-2025 16:49:00,NaN,NaN,NaN
10-May-2025 16:50:00,NaN,NaN,NaN
10-May-2025 16:51:00,NaN,NaN,NaN
10-May-2025 16:52:00,NaN,NaN,NaN
10-May-2025 16:53:00,NaN,NaN,NaN
10-May-2025 16:54:00,NaN,NaN,NaN
10-May-2025 16:55:00,NaN,NaN,NaN
10-May-2025 16:56:00,NaN,NaN,NaN
10-May-2025 16:57:00,NaN,NaN,NaN
10-May-2025 16:58:00,NaN,NaN,NaN
10-May-2025 16:59:00,NaN,NaN,NaN
10-May-2025 17:00:00,NaN,NaN,NaN
10-May-2025 17:01:00,NaN,NaN,NaN
10-May-2025 17:02:00,NaN,NaN,NaN
10-May-2025 17:03:00,NaN,NaN,NaN
10-May-2025 17:04:00,NaN,NaN,NaN
10-May-2025 17:05:00,NaN,NaN,NaN
10-May-2025 17:06:00,NaN,NaN,NaN
10-May-2025 17:07:00,NaN,NaN,NaN
10-May-2025 17:08:00,NaN,NaN,NaN
10-May-2025 17:09:00,NaN,NaN,NaN
10-May-2025 17:10:00,NaN,NaN,NaN
10-May-2025 17:11:00,NaN,NaN,NaN
10-May-2025 17:12:00,NaN,NaN,NaN
10-May-2025 17:13:00,NaN,NaN,NaN
10-May-2025 17:14:00,NaN,NaN,NaN
10-May-2025 17:15:00,NaN,NaN,NaN
10-May-2025 17:16:00,NaN,NaN,NaN
10-May-2025 17:17:00,NaN,NaN,NaN
10-May-2025 17:18:00,NaN,NaN,NaN
10-May-2025 17:19:00,NaN,NaN,NaN
10-May-2025 17:20:00,NaN,NaN,NaN
10-May-2025 17:21:00,NaN,NaN,NaN
10-May-2025 17:22:00,NaN,NaN,NaN
10-May-2025 17:23:00,NaN,NaN,NaN
10-May-2025 17:24:00,NaN,NaN,NaN
10-May-2025 17:25:00,NaN,NaN,NaN
10-May-2025 17:26:00,NaN,NaN,NaN
10-May-2025 17:27:00,NaN,NaN,NaN
10-May-2025 17:28:00,NaN,NaN,NaN
10-May-2025 17:29:00,NaN,NaN,NaN
10-May-2025 17:30:00,NaN,NaN,NaN
10-May-2025 17:31:00,NaN,NaN,NaN
10-May-2025 17:32:00,NaN,NaN,NaN
10-May-2025 17:33:00,NaN,NaN,NaN
10-May-2025 17:34:00,NaN,NaN,NaN
10-May-2025 17:35:00,NaN,NaN,NaN
10-May-2025 17:36:00,NaN,NaN,NaN
10-May-2025 17:37:00,NaN,NaN,NaN
10-May-2025 17:38:00,NaN,NaN,NaN
10-May-2025 17:39:00,NaN,NaN,NaN
10-May-2025 17:40:00,NaN,NaN,NaN
10-May-2025 17:41:00,NaN,NaN,NaN
10-May-2025 17:42:00,NaN,NaN,NaN
10-May-2025 17:43:00,NaN,NaN,NaN
10-May-2025 17:44:00,NaN,NaN,NaN
10-May-2025 17:45:00,NaN,NaN,NaN
10-May-2025 17:46:00,NaN,NaN,NaN
10-May-2025 17:47:00,NaN,NaN,NaN
10-May-2025 17:48:00,NaN,NaN,NaN
10-May-2025 17:49:00,NaN,NaN,NaN
10-May-2025 17:50:00,NaN,NaN,NaN
10-May-2025 17:51:00,NaN,NaN,NaN
10-May-2025 17:52:00,NaN,NaN,NaN
10-May-2025 17:53:00,NaN,NaN,NaN
10-May-2025 17:54:00,NaN,NaN,NaN
10-May-2025 17:55:00,NaN,NaN,NaN
10-May-2025 17:56:00,NaN,NaN,NaN
10-May-2025 17:57:00,NaN,NaN,NaN
10-May-2025 17:58:00,NaN,NaN,NaN
10-May-2025 17:59:00,NaN,NaN,NaN
10-May-2025 18:00:00,NaN,NaN,NaN
10-May-2025 18:01:00,NaN,NaN,NaN
10-May-2025 18:02:00,NaN,NaN,NaN
10-May-2025 18:03:00,NaN,NaN,NaN
10-May-2025 18:04:00,NaN,NaN,NaN
10-May-2025 18:05:00,NaN,NaN,NaN
10-May-2025 18:06:00,NaN,NaN,NaN
10-May-2025 18:07:00,NaN,NaN,NaN
10-May-2025 18:08:00,NaN,NaN,NaN
10-May-2025 18:09:00,NaN,NaN,NaN
10-May-2025 18:10:00,NaN,NaN,NaN
10-May-2025 18:11:00,NaN,NaN,NaN
10-May-2025 18:12:00,NaN,NaN,NaN
10-May-2025 18:13:00,NaN,NaN,NaN
10-May-2025 18:14:00,NaN,NaN,NaN
10-May-2025 18:15:00,NaN,NaN,NaN
10-May-2025 18:16:00,NaN,NaN,NaN
10-May-2025 18:17:00,NaN,NaN,NaN
10-May-2025 18:18:00,NaN,NaN,NaN
10-May-2025 18:19:00,NaN,NaN,NaN
10-May-2025 18:20:00,NaN,NaN,NaN
10-May-2025 18:21:00,NaN,NaN,NaN
10-May-2025 18:22:00,NaN,NaN,NaN
10-May-2025 18:23:00,NaN,NaN,NaN
10-May-2025 18:24:00,NaN,NaN,NaN
10-May-2025 18:25:00,NaN,NaN,NaN
10-May-2025 18:26:00,NaN,NaN,NaN
10-May-2025 18:27:00,NaN,NaN,NaN
10-May-2025 18:28:00,NaN,NaN,NaN
10-May-2025 18:29:00,NaN,NaN,NaN
10-May-2025 18:30:00,NaN,NaN,NaN
10-May-2025 18:31:00,NaN,NaN,NaN
10-May-2025 18:32:00,NaN,NaN,NaN
10-May-2025 18:33:00,NaN,NaN,NaN
10-May-2025 18:34:00,NaN,NaN,NaN
10-May-2025 18:35:00,NaN,NaN,NaN
10-May-2025 18:36:00,NaN,NaN,NaN
10-May-2025 18:37:00,NaN,NaN,NaN
10-May-2025 18:38:00,NaN,NaN,NaN
10-May-2025 18:39:00,NaN,NaN,NaN
10-May-2025 18:40:00,NaN,NaN,NaN
10-May-2025 18:41:00,NaN,NaN,NaN
10-May-2025 18:42:00,NaN,NaN,NaN
10-May-2025 18:43:00,NaN,NaN,NaN
10-May-2025 18:44:00,NaN,NaN,NaN
10-May-2025 18:45:00,NaN,NaN,NaN
10-May-2025 18:46:00,NaN,NaN,NaN
10-May-2025 18:47:00,NaN,NaN,NaN
10-May-2025 18:48:00,NaN,NaN,NaN
10-May-2025 18:49:00,NaN,NaN,NaN
10-May-2025 18:50:00,NaN,NaN,NaN
10-May-2025 18:51:00,NaN,NaN,NaN
10-May-2025 18:52:00,NaN,NaN,NaN
10-May-2025 18:53:00,NaN,NaN,NaN
10-May-2025 18:54:00,NaN,NaN,NaN
10-May-2025 18:55:00,NaN,NaN,NaN
10-May-2025 18:56:00,NaN,NaN,NaN
10-May-2025 18:57:00,NaN,NaN,NaN
10-May-2025 18:58:00,NaN,NaN,NaN
10-May-2025 18:59:00,NaN,NaN,NaN
10-May-2025 19:00:00,NaN,NaN,NaN
10-May-2025 19:01:00,NaN,NaN,NaN
10-May-2025 19:02:00,NaN,NaN,NaN
10-May-2025 19:03:00,NaN,NaN,NaN
10-May-2025 19:04:00,NaN,NaN,NaN
10-May-2025 19:05:00,NaN,NaN,NaN
10-May-2025 19:06:00,NaN,NaN,NaN
10-May-2025 19:07:00,NaN,NaN,NaN
10-May-2025 19:08:00,NaN,NaN,NaN
10-May-2025 19:09:00,NaN,NaN,NaN
10-May-2025 19:10:00,NaN,NaN,NaN
10-May-2025 19:11:00,NaN,NaN,NaN
10-May-2025 19:12:00,NaN,NaN,NaN
10-May-2025 19:13:00,NaN,NaN,NaN
10-May-2025 19:14:00,NaN,NaN,NaN
10-May-2025 19:15:00,NaN,NaN,NaN
10-May-2025 19:16:00,NaN,NaN,NaN
10-May-2025 19:17:00,NaN,NaN,NaN
10-May-2025 19:18:00,NaN,NaN,NaN
10-May-2025 19:19:00,NaN,NaN,NaN
10-May-2025 19:20:00,NaN,NaN,NaN
10-May-2025 19:21:00,NaN,NaN,NaN
10-May-2025 19:22:00,NaN,NaN,NaN
10-May-2025 19:23:00,NaN,NaN,NaN
10-May-2025 19:24:00,NaN,NaN,NaN
10-May-2025 19:25:00,NaN,NaN,NaN
10-May-2025 19:26:00,NaN,NaN,NaN
10-May-2025 19:27:00,NaN,NaN,NaN
10-May-2025 19:28:00,NaN,NaN,NaN
10-May-2025 19:29:00,NaN,NaN,NaN
10-May-2025 19:30:00,NaN,NaN,NaN
10-May-2025 19:31:00,NaN,NaN,NaN
10-May-2025 19:32:00,NaN,NaN,NaN
10-May-2025 19:33:00,NaN,NaN,NaN
10-May-2025 19:34:00,NaN,NaN,NaN
10-May-2025 19:35:00,NaN,NaN,NaN
10-May-2025 19:36:00,NaN,NaN,NaN
10-May-2025 19:37:00,NaN,NaN,NaN
10-May-2025 19:38:00,NaN,NaN,NaN
10-May-2025 19:39:00,NaN,NaN,NaN
10-May-2025 19:40:00,NaN,NaN,NaN
10-May-2025 19:41:00,NaN,NaN,NaN
10-May-2025 19:42:00,NaN,NaN,NaN
10-May-2025 19:43:00,NaN,NaN,NaN
10-May-2025 19:44:00,NaN,NaN,NaN
10-May-2025 19:45:00,NaN,NaN,NaN
10-May-2025 19:46:00,NaN,NaN,NaN
10-May-2025 19:47:00,NaN,NaN,NaN
10-May-2025 19:48:00,NaN,NaN,NaN
10-May-2025 19:49:00,NaN,NaN,NaN
10-May-2025 19:50:00,NaN,NaN,NaN
10-May-2025 19:51:00,NaN,NaN,NaN
10-May-2025 19:52:00,NaN,NaN,NaN
10-May-2025 19:53:00,NaN,NaN,NaN
10-May-2025 19:54:00,NaN,NaN,NaN
10-May-2025 19:55:00,NaN,NaN,NaN
10-May-2025 19:56:00,NaN,NaN,NaN
10-May-2025 19:57:00,NaN,NaN,NaN
10-May-2025 19:58:00,NaN,NaN,NaN
10-May-2025 19:59:00,NaN,NaN,NaN
10-May-2025 20:00:00,NaN,NaN,NaN
10-May-2025 20:01:00,NaN,NaN,NaN
10-May-2025 20:02:00,NaN,NaN,NaN
10-May-2025 20:03:00,NaN,NaN,NaN
10-May-2025 20:04:00,NaN,NaN,NaN
10-May-2025 20:05:00,NaN,NaN,NaN
10-May-2025 20:06:00,NaN,NaN,NaN
10-May-2025 20:07:00,NaN,NaN,NaN
10-May-2025 20:08:00,NaN,NaN,NaN
10-May-2025 20:09:00,NaN,NaN,NaN
10-May-2025 20:10:00,NaN,NaN,NaN
10-May-2025 20:11:00,NaN,NaN,NaN
10-May-2025 20:12:00,NaN,NaN,NaN
10-May-2025 20:13:00,NaN,NaN,NaN
10-May-2025 20:14:00,NaN,NaN,NaN
10-May-2025 20:15:00,NaN,NaN,NaN
10-May-2025 20:16:00,NaN,NaN,NaN
10-May-2025 20:17:00,NaN,NaN,NaN
10-May-2025 20:18:00,NaN,NaN,NaN
10-May-2025 20:19:00,NaN,NaN,NaN
10-May-2025 20:20:00,NaN,NaN,NaN
10-May-2025 20:21:00,NaN,NaN,NaN
10-May-2025 20:22:00,NaN,NaN,NaN
10-May-2025 20:23:00,NaN,NaN,NaN
10-May-2025 20:24:00,NaN,NaN,NaN
10-May-2025 20:25:00,NaN,NaN,NaN
10-May-2025 20:26:00,NaN,NaN,NaN
10-May-2025 20:27:00,NaN,NaN,NaN
10-May-2025 20:28:00,NaN,NaN,NaN
10-May-2025 20:29:00,NaN,NaN,NaN
10-May-2025 20:30:00,NaN,NaN,NaN
10-May-2025 20:31:00,NaN,NaN,NaN
10-May-2025 20:32:00,NaN,NaN,NaN
10-May-2025 20:33:00,NaN,NaN,NaN
10-May-2025 20:34:00,NaN,NaN,NaN
10-May-2025 20:35:00,NaN,NaN,NaN
10-May-2025 20:36:00,NaN,NaN,NaN
10-May-2025 20:37:00,NaN,NaN,NaN
10-May-2025 20:38:00,NaN,NaN,NaN
10-May-2025 20:39:00,NaN,NaN,NaN
10-May-2025 20:40:00,NaN,NaN,NaN
10-May-2025 20:41:00,NaN,NaN,NaN
10-May-2025 20:42:00,NaN,NaN,NaN
10-May-2025 20:43:00,NaN,NaN,NaN
10-May-2025 20:44:00,NaN,NaN,NaN
10-May-2025 20:45:00,NaN,NaN,NaN
10-May-2025 20:46:00,NaN,NaN,NaN
10-May-2025 20:47:00,NaN,NaN,NaN
10-May-2025 20:48:00,NaN,NaN,NaN
10-May-2025 20:49:00,NaN,NaN,NaN
10-May-2025 20:50:00,NaN,NaN,NaN
10-May-2025 20:51:00,NaN,NaN,NaN
10-May-2025 20:52:00,NaN,NaN,NaN
10-May-2025 20:53:00,NaN,NaN,NaN
10-May-2025 20:54:00,NaN,NaN,NaN
10-May-2025 20:55:00,NaN,NaN,NaN
10-May-2025 20:56:00,NaN,NaN,NaN
10-May-2025 20:57:00,NaN,NaN,NaN
10-May-2025 20:58:00,NaN,NaN,NaN
10-May-2025 20:59:00,NaN,NaN,NaN
10-May-2025 21:00:00,NaN,NaN,NaN
10-May-2025 21:01:00,NaN,NaN,NaN
10-May-2025 21:02:00,NaN,NaN,NaN
10-May-2025 21:03:00,NaN,NaN,NaN
10-May-2025 21:04:00,NaN,NaN,NaN
10-May-2025 21:05:00,NaN,NaN,NaN
10-May-2025 21:06:00,NaN,NaN,NaN
10-May-2025 21:07:00,NaN,NaN,NaN
10-May-2025 21:08:00,NaN,NaN,NaN
10-May-2025 21:09:00,NaN,NaN,NaN
10-May-2025 21:10:00,NaN,NaN,NaN
10-May-2025 21:11:00,NaN,NaN,NaN
10-May-2025 21:12:00,NaN,NaN,NaN
10-May-2025 21:13:00,NaN,NaN,NaN
10-May-2025 21:14:00,NaN,NaN,NaN
10-May-2025 21:15:00,NaN,NaN,NaN
10-May-2025 21:16:00,NaN,NaN,NaN
10-May-2025 21:17:00,NaN,NaN,NaN
10-May-2025 21:18:00,NaN,NaN,NaN
10-May-2025 21:19:00,NaN,NaN,NaN
10-May-2025 21:20:00,NaN,NaN,NaN
10-May-2025 21:21:00,NaN,NaN,NaN
10-May-2025 21:22:00,NaN,NaN,NaN
10-May-2025 21:23:00,NaN,NaN,NaN
10-May-2025 21:24:00,NaN,NaN,NaN
10-May-2025 21:25:00,NaN,NaN,NaN
10-May-2025 21:26:00,NaN,NaN,NaN
10-May-2025 21:27:00,NaN,NaN,NaN
10-May-2025 21:28:00,NaN,NaN,NaN
10-May-2025 21:29:00,NaN,NaN,NaN
10-May-2025 21:30:00,NaN,NaN,NaN
10-May-2025 21:31:00,NaN,NaN,NaN
10-May-2025 21:32:00,NaN,NaN,NaN
10-May-2025 21:33:00,NaN,NaN,NaN
10-May-2025 21:34:00,NaN,NaN,NaN
10-May-2025 21:35:00,NaN,NaN,NaN
10-May-2025 21:36:00,NaN,NaN,NaN
10-May-2025 21:37:00,NaN,NaN,NaN
10-May-2025 21:38:00,NaN,NaN,NaN
10-May-2025 21:39:00,NaN,NaN,NaN
10-May-2025 21:40:00,NaN,NaN,NaN
10-May-2025 21:41:00,NaN,NaN,NaN
10-May-2025 21:42:00,NaN,NaN,NaN
10-May-2025 21:43:00,NaN,NaN,NaN
10-May-2025 21:44:00,NaN,NaN,NaN
10-May-2025 21:45:00,NaN,NaN,NaN
10-May-2025 21:46:00,NaN,NaN,NaN
10-May-2025 21:47:00,NaN,NaN,NaN
10-May-2025 21:48:00,NaN,NaN,NaN
10-May-2025 21:49:00,NaN,NaN,NaN
10-May-2025 21:50:00,NaN,NaN,NaN
10-May-2025 21:51:00,NaN,NaN,NaN
10-May-2025 21:52:00,NaN,NaN,NaN
10-May-2025 21:53:00,NaN,NaN,NaN
10-May-2025 21:54:00,NaN,NaN,NaN
10-May-2025 21:55:00,NaN,NaN,NaN
10-May-2025 21:56:00,NaN,NaN,NaN
10-May-2025 21:57:00,NaN,NaN,NaN
10-May-2025 21:58:00,NaN,NaN,NaN
10-May-2025 21:59:00,NaN,NaN,NaN
10-May-2025 22:00:00,NaN,NaN,NaN
10-May-2025 22:01:00,NaN,NaN,NaN
10-May-2025 22:02:00,NaN,NaN,NaN
10-May-2025 22:03:00,NaN,NaN,NaN
10-May-2025 22:04:00,NaN,NaN,NaN
10-May-2025 22:05:00,NaN,NaN,NaN
10-May-2025 22:06:00,NaN,NaN,NaN
10-May-2025 22:07:00,NaN,NaN,NaN
10-May-2025 22:08:00,NaN,NaN,NaN
10-May-2025 22:09:00,NaN,NaN,NaN
10-May-2025 22:10:00,NaN,NaN,NaN
10-May-2025 22:11:00,NaN,NaN,NaN
10-May-2025 22:12:00,NaN,NaN,NaN
10-May-2025 22:13:00,NaN,NaN,NaN
10-May-2025 22:14:00,NaN,NaN,NaN
10-May-2025 22:15:00,NaN,NaN,NaN
10-May-2025 22:16:00,NaN,NaN,NaN
10-May-2025 22:17:00,NaN,NaN,NaN
10-May-2025 22:18:00,NaN,NaN,NaN
10-May-2025 22:19:00,NaN,NaN,NaN
10-May-2025 22:20:00,NaN,NaN,NaN
10-May-2025 22:21:00,NaN,NaN,NaN
10-May-2025 22:22:00,NaN,NaN,NaN
10-May-2025 22:23:00,NaN,NaN,NaN
10-May-2025 22:24:00,NaN,NaN,NaN
10-May-2025 22:25:00,NaN,NaN,NaN
10-May-2025 22:26:00,NaN,NaN,NaN
10-May-2025 22:27:00,NaN,NaN,NaN
10-May-2025 22:28:00,NaN,NaN,NaN
10-May-2025 22:29:00,NaN,NaN,NaN
10-May-2025 22:30:00,NaN,NaN,NaN
10-May-2025 22:31:00,NaN,NaN,NaN
10-May-2025 22:32:00,NaN,NaN,NaN
10-May-2025 22:33:00,NaN,NaN,NaN
10-May-2025 22:34:00,NaN,NaN,NaN
10-May-2025 22:35:00,NaN,NaN,NaN
10-May-2025 22:36:00,NaN,NaN,NaN
10-May-2025 22:37:00,NaN,NaN,NaN
10-May-2025 22:38:00,NaN,NaN,NaN
10-May-2025 22:39:00,NaN,NaN,NaN
10-May-2025 22:40:00,NaN,NaN,NaN
10-May-2025 22:41:00,NaN,NaN,NaN
10-May-2025 22:42:00,NaN,NaN,NaN
10-May-2025 22:43:00,NaN,NaN,NaN
10-May-2025 22:44:00,NaN,NaN,NaN
10-May-2025 22:45:00,NaN,NaN,NaN
10-May-2025 22:46:00,NaN,NaN,NaN
10-May-2025 22:47:00,NaN,NaN,NaN
10-May-2025 22:48:00,NaN,NaN,NaN
10-May-2025 22:49:00,NaN,NaN,NaN
10-May-2025 22:50:00,NaN,NaN,NaN
10-May-2025 22:51:00,NaN,NaN,NaN
10-May-2025 22:52:00,NaN,NaN,NaN
10-May-2025 22:53:00,NaN,NaN,NaN
10-May-2025 22:54:00,NaN,NaN,NaN
10-May-2025 22:55:00,NaN,NaN,NaN
10-May-2025 22:56:00,NaN,NaN,NaN
10-May-2025 22:57:00,NaN,NaN,NaN
10-May-2025 22:58:00,NaN,NaN,NaN
10-May-2025 22:59:00,NaN,NaN,NaN
10-May-2025 23:00:00,NaN,NaN,NaN
10-May-2025 23:01:00,NaN,NaN,NaN
10-May-2025 23:02:00,NaN,NaN,NaN
10-May-2025 23:03:00,NaN,NaN,NaN
10-May-2025 23:04:00,NaN,NaN,NaN
10-May-2025 23:05:00,NaN,NaN,NaN
10-May-2025 23:06:00,NaN,NaN,NaN
10-May-2025 23:07:00,NaN,NaN,NaN
10-May-2025 23:08:00,NaN,NaN,NaN
10-May-2025 23:09:00,NaN,NaN,NaN
10-May-2025 23:10:00,NaN,NaN,NaN
10-May-2025 23:11:00,NaN,NaN,NaN
10-May-2025 23:12:00,NaN,NaN,NaN
10-May-2025 23:13:00,NaN,NaN,NaN
10-May-2025 23:14:00,NaN,NaN,NaN
10-May-2025 23:15:00,NaN,NaN,NaN
10-May-2025 23:16:00,NaN,NaN,NaN
10-May-2025 23:17:00,NaN,NaN,NaN
10-May-2025 23:18:00,NaN,NaN,NaN
10-May-2025 23:19:00,NaN,NaN,NaN
10-May-2025 23:20:00,NaN,NaN,NaN
10-May-2025 23:21:00,NaN,NaN,NaN
10-May-2025 23:22:00,NaN,NaN,NaN
10-May-2025 23:23:00,NaN,NaN,NaN
10-May-2025 23:24:00,NaN,NaN,NaN
10-May-2025 23:25:00,NaN,NaN,NaN
10-May-2025 23:26:00,NaN,NaN,NaN
10-May-2025 23:27:00,NaN,NaN,NaN
10-May-2025 23:28:00,NaN,NaN,NaN
10-May-2025 23:29:00,NaN,NaN,NaN
10-May-2025 23:30:00,NaN,NaN,NaN
10-May-2025 23:31:00,NaN,NaN,NaN
10-May-2025 23:32:00,NaN,NaN,NaN
10-May-2025 23:33:00,NaN,NaN,NaN
10-May-2025 23:34:00,NaN,NaN,NaN
10-May-2025 23:35:00,NaN,NaN,NaN
10-May-2025 23:36:00,NaN,NaN,NaN
10-May-2025 23:37:00,NaN,NaN,NaN
10-May-2025 23:38:00,NaN,NaN,NaN
10-May-2025 23:39:00,NaN,NaN,NaN
10-May-2025 23:40:00,NaN,NaN,NaN
10-May-2025 23:41:00,NaN,NaN,NaN
10-May-2025 23:42:00,NaN,NaN,NaN
10-May-2025 23:43:00,NaN,NaN,NaN
10-May-2025 23:44:00,NaN,NaN,NaN
10-May-2025 23:45:00,NaN,NaN,NaN
10-May-2025 23:46:00,NaN,NaN,NaN
10-May-2025 23:47:00,NaN,NaN,NaN
10-May-2025 23:48:00,NaN,NaN,NaN
10-May-2025 23:49:00,NaN,NaN,NaN
10-May-2025 23:50:00,NaN,NaN,NaN
10-May-2025 23:51:00,NaN,NaN,NaN
10-May-2025 23:52:00,NaN,NaN,NaN
10-May-2025 23:53:00,NaN,NaN,NaN
10-May-2025 23:54:00,NaN,NaN,NaN
10-May-2025 23:55:00,NaN,NaN,NaN
10-May-2025 23:56:00,NaN,NaN,NaN
10-May-2025 23:57:00,NaN,NaN,NaN
10-May-2025 23:58:00,NaN,NaN,NaN
10-May-2025 23:59:00,NaN,NaN,NaN
11-May-2025 00:00:00,NaN,NaN,NaN
11-May-2025 00:01:00,NaN,NaN,NaN
11-May-2025 00:02:00,NaN,NaN,NaN
11-May-2025 00:03:00,NaN,NaN,NaN
11-May-2025 00:04:00,NaN,NaN,NaN
11-May-2025 00:05:00,NaN,NaN,NaN
11-May-2025 00:06:00,NaN,NaN,NaN
11-May-2025 00:07:00,NaN,NaN,NaN
11-May-2025 00:08:00,NaN,NaN,NaN
11-May-2025 00:09:00,NaN,NaN,NaN
11-May-2025 00:10:00,NaN,NaN,NaN
11-May-2025 00:11:00,NaN,NaN,NaN
11-May-2025 00:12:00,NaN,NaN,NaN
11-May-2025 00:13:00,NaN,NaN,NaN
11-May-2025 00:14:00,NaN,NaN,NaN
11-May-2025 00:15:00,NaN,NaN,NaN
11-May-2025 00:16:00,NaN,NaN,NaN
11-May-2025 00:17:00,NaN,NaN,NaN
11-May-2025 00:18:00,NaN,NaN,NaN
11-May-2025 00:19:00,NaN,NaN,NaN
11-May-2025 00:20:00,NaN,NaN,NaN
11-May-2025 00:21:00,NaN,NaN,NaN
11-May-2025 00:22:00,NaN,NaN,NaN
11-May-2025 00:23:00,NaN,NaN,NaN
11-May-2025 00:24:00,NaN,NaN,NaN
11-May-2025 00:25:00,NaN,NaN,NaN
11-May-2025 00:26:00,NaN,NaN,NaN
11-May-2025 00:27:00,NaN,NaN,NaN
11-May-2025 00:28:00,NaN,NaN,NaN
11-May-2025 00:29:00,NaN,NaN,NaN
11-May-2025 00:30:00,NaN,NaN,NaN
11-May-2025 00:31:00,NaN,NaN,NaN
11-May-2025 00:32:00,NaN,NaN,NaN
11-May-2025 00:33:00,NaN,NaN,NaN
11-May-2025 00:34:00,NaN,NaN,NaN
11-May-2025 00:35:00,NaN,NaN,NaN
11-May-2025 00:36:00,NaN,NaN,NaN
11-May-2025 00:37:00,NaN,NaN,NaN
11-May-2025 00:38:00,NaN,NaN,NaN
11-May-2025 00:39:00,NaN,NaN,NaN
11-May-2025 00:40:00,NaN,NaN,NaN
11-May-2025 00:41:00,NaN,NaN,NaN
11-May-2025 00:42:00,NaN,NaN,NaN
11-May-2025 00:43:00,NaN,NaN,NaN
11-May-2025 00:44:00,NaN,NaN,NaN
11-May-2025 00:45:00,NaN,NaN,NaN
11-May-2025 00:46:00,NaN,NaN,NaN
11-May-2025 00:47:00,NaN,NaN,NaN
11-May-2025 00:48:00,NaN,NaN,NaN
11-May-2025 00:49:00,NaN,NaN,NaN
11-May-2025 00:50:00,NaN,NaN,NaN
11-May-2025 00:51:00,NaN,NaN,NaN
11-May-2025 00:52:00,NaN,NaN,NaN
11-May-2025 00:53:00,NaN,NaN,NaN
11-May-2025 00:54:00,NaN,NaN,NaN
11-May-2025 00:55:00,NaN,NaN,NaN
11-May-2025 00:56:00,NaN,NaN,NaN
11-May-2025 00:57:00,NaN,NaN,NaN
11-May-2025 00:58:00,NaN,NaN,NaN
11-May-2025 00:59:00,NaN,NaN,NaN
11-May-2025 01:00:00,NaN,NaN,NaN
11-May-2025 01:01:00,NaN,NaN,NaN
11-May-2025 01:02:00,NaN,NaN,NaN
11-May-2025 01:03:00,NaN,NaN,NaN
11-May-2025 01:04:00,NaN,NaN,NaN
11-May-2025 01:05:00,NaN,NaN,NaN
11-May-2025 01:06:00,NaN,NaN,NaN
11-May-2025 01:07:00,NaN,NaN,NaN
11-May-2025 01:08:00,NaN,NaN,NaN
11-May-2025 01:09:00,NaN,NaN,NaN
11-May-2025 01:10:00,NaN,NaN,NaN
11-May-2025 01:11:00,NaN,NaN,NaN
11-May-2025 01:12:00,NaN,NaN,NaN
11-May-2025 01:13:00,NaN,NaN,NaN
11-May-2025 01:14:00,NaN,NaN,NaN
11-May-2025 01:15:00,NaN,NaN,NaN
11-May-2025 01:16:00,NaN,NaN,NaN
11-May-2025 01:17:00,NaN,NaN,NaN
11-May-2025 01:18:00,NaN,NaN,NaN
11-May-2025 01:19:00,NaN,NaN,NaN
11-May-2025 01:20:00,NaN,NaN,NaN
11-May-2025 01:21:00,NaN,NaN,NaN
11-May-2025 01:22:00,NaN,NaN,NaN
11-May-2025 01:23:00,NaN,NaN,NaN
11-May-2025 01:24:00,NaN,NaN,NaN
11-May-2025 01:25:00,NaN,NaN,NaN
11-May-2025 01:26:00,NaN,NaN,NaN
11-May-2025 01:27:00,NaN,NaN,NaN
11-May-2025 01:28:00,NaN,NaN,NaN
11-May-2025 01:29:00,NaN,NaN,NaN
11-May-2025 01:30:00,NaN,NaN,NaN
11-May-2025 01:31:00,NaN,NaN,NaN
11-May-2025 01:32:00,NaN,NaN,NaN
11-May-2025 01:33:00,NaN,NaN,NaN
11-May-2025 01:34:00,NaN,NaN,NaN
11-May-2025 01:35:00,NaN,NaN,NaN
11-May-2025 01:36:00,NaN,NaN,NaN
11-May-2025 01:37:00,NaN,NaN,NaN
11-May-2025 01:38:00,NaN,NaN,NaN
11-May-2025 01:39:00,NaN,NaN,NaN
11-May-2025 01:40:00,NaN,NaN,NaN
11-May-2025 01:41:00,NaN,NaN,NaN
11-May-2025 01:42:00,NaN,NaN,NaN
11-May-2025 01:43:00,NaN,NaN,NaN
11-May-2025 01:44:00,NaN,NaN,NaN
11-May-2025 01:45:00,NaN,NaN,NaN
11-May-2025 01:46:00,NaN,NaN,NaN
11-May-2025 01:47:00,NaN,NaN,NaN
11-May-2025 01:48:00,NaN,NaN,NaN
11-May-2025 01:49:00,NaN,NaN,NaN
11-May-2025 01:50:00,NaN,NaN,NaN
11-May-2025 01:51:00,NaN,NaN,NaN
11-May-2025 01:52:00,NaN,NaN,NaN
11-May-2025 01:53:00,NaN,NaN,NaN
11-May-2025 01:54:00,NaN,NaN,NaN
11-May-2025 01:55:00,NaN,NaN,NaN
11-May-2025 01:56:00,NaN,NaN,NaN
11-May-2025 01:57:00,NaN,NaN,NaN
11-May-2025 01:58:00,NaN,NaN,NaN
11-May-2025 01:59:00,NaN,NaN,NaN
11-May-2025 02:00:00,NaN,NaN,NaN
11-May-2025 02:01:00,NaN,NaN,NaN
11-May-2025 02:02:00,NaN,NaN,NaN
11-May-2025 02:03:00,NaN,NaN,NaN
11-May-2025 02:04:00,NaN,NaN,NaN
11-May-2025 02:05:00,NaN,NaN,NaN
11-May-2025 02:06:00,NaN,NaN,NaN
11-May-2025 02:07:00,NaN,NaN,NaN
11-May-2025 02:08:00,NaN,NaN,NaN
11-May-2025 02:09:00,NaN,NaN,NaN
11-May-2025 02:10:00,NaN,NaN,NaN
11-May-2025 02:11:00,NaN,NaN,NaN
11-May-2025 02:12:00,NaN,NaN,NaN
11-May-2025 02:13:00,NaN,NaN,NaN
11-May-2025 02:14:00,NaN,NaN,NaN
11-May-2025 02:15:00,NaN,NaN,NaN
11-May-2025 02:16:00,NaN,NaN,NaN
11-May-2025 02:17:00,NaN,NaN,NaN
11-May-2025 02:18:00,NaN,NaN,NaN
11-May-2025 02:19:00,NaN,NaN,NaN
11-May-2025 02:20:00,NaN,NaN,NaN
11-May-2025 02:21:00,NaN,NaN,NaN
11-May-2025 02:22:00,NaN,NaN,NaN
11-May-2025 02:23:00,NaN,NaN,NaN
11-May-2025 02:24:00,NaN,NaN,NaN
11-May-2025 02:25:00,NaN,NaN,NaN
11-May-2025 02:26:00,NaN,NaN,NaN
11-May-2025 02:27:00,NaN,NaN,NaN
11-May-2025 02:28:00,NaN,NaN,NaN
11-May-2025 02:29:00,NaN,NaN,NaN
11-May-2025 02:30:00,NaN,NaN,NaN
11-May-2025 02:31:00,NaN,NaN,NaN
11-May-2025 02:32:00,NaN,NaN,NaN
11-May-2025 02:33:00,NaN,NaN,NaN
11-May-2025 02:34:00,NaN,NaN,NaN
11-May-2025 02:35:00,NaN,NaN,NaN
11-May-2025 02:36:00,NaN,NaN,NaN
11-May-2025 02:37:00,NaN,NaN,NaN
11-May-2025 02:38:00,NaN,NaN,NaN
11-May-2025 02:39:00,NaN,NaN,NaN
11-May-2025 02:40:00,NaN,NaN,NaN
11-May-2025 02:41:00,NaN,NaN,NaN
11-May-2025 02:42:00,NaN,NaN,NaN
11-May-2025 02:43:00,NaN,NaN,NaN
11-May-2025 02:44:00,NaN,NaN,NaN
11-May-2025 02:45:00,NaN,NaN,NaN
11-May-2025 02:46:00,NaN,NaN,NaN
11-May-2025 02:47:00,NaN,NaN,NaN
11-May-2025 02:48:00,NaN,NaN,NaN
11-May-2025 02:49:00,NaN,NaN,NaN
11-May-2025 02:50:00,NaN,NaN,NaN
11-May-2025 02:51:00,NaN,NaN,NaN
11-May-2025 02:52:00,NaN,NaN,NaN
11-May-2025 02:53:00,NaN,NaN,NaN
11-May-2025 02:54:00,NaN,NaN,NaN
11-May-2025 02:55:00,NaN,NaN,NaN
11-May-2025 02:56:00,NaN,NaN,NaN
11-May-2025 02:57:00,NaN,NaN,NaN
11-May-2025 02:58:00,NaN,NaN,NaN
11-May-2025 02:59:00,NaN,NaN,NaN
11-May-2025 03:00:00,NaN,NaN,NaN
11-May-2025 03:01:00,NaN,NaN,NaN
11-May-2025 03:02:00,NaN,NaN,NaN
11-May-2025 03:03:00,NaN,NaN,NaN
11-May-2025 03:04:00,NaN,NaN,NaN
11-May-2025 03:05:00,NaN,NaN,NaN
11-May-2025 03:06:00,NaN,NaN,NaN
11-May-2025 03:07:00,NaN,NaN,NaN
11-May-2025 03:08:00,NaN,NaN,NaN
11-May-2025 03:09:00,NaN,NaN,NaN
11-May-2025 03:10:00,NaN,NaN,NaN
11-May-2025 03:11:00,NaN,NaN,NaN
11-May-2025 03:12:00,NaN,NaN,NaN
11-May-2025 03:13:00,NaN,NaN,NaN
11-May-2025 03:14:00,NaN,NaN,NaN
11-May-2025 03:15:00,NaN,NaN,NaN
11-May-2025 03:16:00,NaN,NaN,NaN
11-May-2025 03:17:00,NaN,NaN,NaN
11-May-2025 03:18:00,NaN,NaN,NaN
11-May-2025 03:19:00,NaN,NaN,NaN
11-May-2025 03:20:00,NaN,NaN,NaN
11-May-2025 03:21:00,NaN,NaN,NaN
11-May-2025 03:22:00,NaN,NaN,NaN
11-May-2025 03:23:00,NaN,NaN,NaN
11-May-2025 03:24:00,NaN,NaN,NaN
11-May-2025 03:25:00,NaN,NaN,NaN
11-May-2025 03:26:00,NaN,NaN,NaN
11-May-2025 03:27:00,NaN,NaN,NaN
11-May-2025 03:28:00,NaN,NaN,NaN
11-May-2025 03:29:00,NaN,NaN,NaN
11-May-2025 03:30:00,NaN,NaN,NaN
11-May-2025 03:31:00,NaN,NaN,NaN
11-May-2025 03:32:00,NaN,NaN,NaN
11-May-2025 03:33:00,NaN,NaN,NaN
11-May-2025 03:34:00,NaN,NaN,NaN
11-May-2025 03:35:00,NaN,NaN,NaN
11-May-2025 03:36:00,NaN,NaN,NaN
11-May-2025 03:37:00,NaN,NaN,NaN
11-May-2025 03:38:00,NaN,NaN,NaN
11-May-2025 03:39:00,NaN,NaN,NaN
11-May-2025 03:40:00,NaN,NaN,NaN
11-May-2025 03:41:00,NaN,NaN,NaN
11-May-2025 03:42:00,NaN,NaN,NaN
11-May-2025 03:43:00,NaN,NaN,NaN
11-May-2025 03:44:00,NaN,NaN,NaN
11-May-2025 03:45:00,NaN,NaN,NaN
11-May-2025 03:46:00,NaN,NaN,NaN
11-May-2025 03:47:00,NaN,NaN,NaN
11-May-2025 03:48:00,NaN,NaN,NaN
11-May-2025 03:49:00,NaN,NaN,NaN
11-May-2025 03:50:00,NaN,NaN,NaN
11-May-2025 03:51:00,NaN,NaN,NaN
11-May-2025 03:52:00,NaN,NaN,NaN
11-May-2025 03:53:00,NaN,NaN,NaN
11-May-2025 03:54:00,NaN,NaN,NaN
11-May-2025 03:55:00,NaN,NaN,NaN
11-May-2025 03:56:00,NaN,NaN,NaN
11-May-2025 03:57:00,NaN,NaN,NaN
11-May-2025 03:58:00,NaN,NaN,NaN
11-May-2025 03:59:00,NaN,NaN,NaN
11-May-2025 04:00:00,NaN,NaN,NaN
11-May-2025 04:01:00,NaN,NaN,NaN
11-May-2025 04:02:00,NaN,NaN,NaN
11-May-2025 04:03:00,NaN,NaN,NaN
11-May-2025 04:04:00,NaN,NaN,NaN
11-May-2025 04:05:00,NaN,NaN,NaN
11-May-2025 04:06:00,NaN,NaN,NaN
11-May-2025 04:07:00,NaN,NaN,NaN
11-May-2025 04:08:00,NaN,NaN,NaN
11-May-2025 04:09:00,NaN,NaN,NaN
11-May-2025 04:10:00,NaN,NaN,NaN
11-May-2025 04:11:00,NaN,NaN,NaN
11-May-2025 04:12:00,NaN,NaN,NaN
11-May-2025 04:13:00,NaN,NaN,NaN
11-May-2025 04:14:00,NaN,NaN,NaN
11-May-2025 04:15:00,NaN,NaN,NaN
11-May-2025 04:16:00,NaN,NaN,NaN
11-May-2025 04:17:00,NaN,NaN,NaN
11-May-2025 04:18:00,NaN,NaN,NaN
11-May-2025 04:19:00,NaN,NaN,NaN
11-May-2025 04:20:00,NaN,NaN,NaN
11-May-2025 04:21:00,NaN,NaN,NaN
11-May-2025 04:22:00,NaN,NaN,NaN
11-May-2025 04:23:00,NaN,NaN,NaN
11-May-2025 04:24:00,NaN,NaN,NaN
11-May-2025 04:25:00,NaN,NaN,NaN
11-May-2025 04:26:00,NaN,NaN,NaN
11-May-2025 04:27:00,NaN,NaN,NaN
11-May-2025 04:28:00,NaN,NaN,NaN
11-May-2025 04:29:00,NaN,NaN,NaN
11-May-2025 04:30:00,NaN,NaN,NaN
11-May-2025 04:31:00,NaN,NaN,NaN
11-May-2025 04:32:00,NaN,NaN,NaN
11-May-2025 04:33:00,NaN,NaN,NaN
11-May-2025 04:34:00,NaN,NaN,NaN
11-May-2025 04:35:00,NaN,NaN,NaN
11-May-2025 04:36:00,NaN,NaN,NaN
11-May-2025 04:37:00,NaN,NaN,NaN
11-May-2025 04:38:00,NaN,NaN,NaN
11-May-2025 04:39:00,NaN,NaN,NaN
11-May-2025 04:40:00,NaN,NaN,NaN
11-May-2025 04:41:00,NaN,NaN,NaN
11-May-2025 04:42:00,NaN,NaN,NaN
11-May-2025 04:43:00,NaN,NaN,NaN
11-May-2025 04:44:00,NaN,NaN,NaN
11-May-2025 04:45:00,NaN,NaN,NaN
11-May-2025 04:46:00,NaN,NaN,NaN
11-May-2025 04:47:00,NaN,NaN,NaN
11-May-2025 04:48:00,NaN,NaN,NaN
11-May-2025 04:49:00,NaN,NaN,NaN
11-May-2025 04:50:00,NaN,NaN,NaN
11-May-2025 04:51:00,NaN,NaN,NaN
11-May-2025 04:52:00,NaN,NaN,NaN
11-May-2025 04:53:00,NaN,NaN,NaN
11-May-2025 04:54:00,NaN,NaN,NaN
11-May-2025 04:55:00,NaN,NaN,NaN
11-May-2025 04:56:00,NaN,NaN,NaN
11-May-2025 04:57:00,NaN,NaN,NaN
11-May-2025 04:58:00,NaN,NaN,NaN
11-May-2025 04:59:00,NaN,NaN,NaN
11-May-2025 05:00:00,NaN,NaN,NaN
11-May-2025 05:01:00,NaN,NaN,NaN
11-May-2025 05:02:00,NaN,NaN,NaN
11-May-2025 05:03:00,NaN,NaN,NaN
11-May-2025 05:04:00,NaN,NaN,NaN
11-May-2025 05:05:00,NaN,NaN,NaN
11-May-2025 05:06:00,NaN,NaN,NaN
11-May-2025 05:07:00,NaN,NaN,NaN
11-May-2025 05:08:00,NaN,NaN,NaN
11-May-2025 05:09:00,NaN,NaN,NaN
11-May-2025 05:10:00,NaN,NaN,NaN
11-May-2025 05:11:00,NaN,NaN,NaN
11-May-2025 05:12:00,NaN,NaN,NaN
11-May-2025 05:13:00,NaN,NaN,NaN
11-May-2025 05:14:00,NaN,NaN,NaN
11-May-2025 05:15:00,NaN,NaN,NaN
11-May-2025 05:16:00,NaN,NaN,NaN
11-May-2025 05:17:00,NaN,NaN,NaN
11-May-2025 05:18:00,NaN,NaN,NaN
11-May-2025 05:19:00,NaN,NaN,NaN
11-May-2025 05:20:00,NaN,NaN,NaN
11-May-2025 05:21:00,NaN,NaN,NaN
11-May-2025 05:22:00,NaN,NaN,NaN
11-May-2025 05:23:00,NaN,NaN,NaN
11-May-2025 05:24:00,NaN,NaN,NaN
11-May-2025 05:25:00,NaN,NaN,NaN
11-May-2025 05:26:00,NaN,NaN,NaN
11-May-2025 05:27:00,NaN,NaN,NaN
11-May-2025 05:28:00,NaN,NaN,NaN
11-May-2025 05:29:00,NaN,NaN,NaN
11-May-2025 05:30:00,NaN,NaN,NaN
11-May-2025 05:31:00,NaN,NaN,NaN
11-May-2025 05:32:00,NaN,NaN,NaN
11-May-2025 05:33:00,NaN,NaN,NaN
11-May-2025 05:34:00,NaN,NaN,NaN
11-May-2025 05:35:00,NaN,NaN,NaN
11-May-2025 05:36:00,NaN,NaN,NaN
11-May-2025 05:37:00,NaN,NaN,NaN
11-May-2025 05:38:00,NaN,NaN,NaN
11-May-2025 05:39:00,NaN,NaN,NaN
11-May-2025 05:40:00,NaN,NaN,NaN
11-May-2025 05:41:00,NaN,NaN,NaN
11-May-2025 05:42:00,NaN,NaN,NaN
11-May-2025 05:43:00,NaN,NaN,NaN
11-May-2025 05:44:00,NaN,NaN,NaN
11-May-2025 05:45:00,NaN,NaN,NaN
11-May-2025 05:46:00,NaN,NaN,NaN
11-May-2025 05:47:00,NaN,NaN,NaN
11-May-2025 05:48:00,NaN,NaN,NaN
11-May-2025 05:49:00,NaN,NaN,NaN
11-May-2025 05:50:00,NaN,NaN,NaN
11-May-2025 05:51:00,NaN,NaN,NaN
11-May-2025 05:52:00,NaN,NaN,NaN
11-May-2025 05:53:00,NaN,NaN,NaN
11-May-2025 05:54:00,NaN,NaN,NaN
11-May-2025 05:55:00,NaN,NaN,NaN
11-May-2025 05:56:00,NaN,NaN,NaN
11-May-2025 05:57:00,NaN,NaN,NaN
11-May-2025 05:58:00,NaN,NaN,NaN
11-May-2025 05:59:00,NaN,NaN,NaN
11-May-2025 06:00:00,NaN,NaN,NaN
11-May-2025 06:01:00,NaN,NaN,NaN
11-May-2025 06:02:00,NaN,NaN,NaN
11-May-2025 06:03:00,NaN,NaN,NaN
11-May-2025 06:04:00,NaN,NaN,NaN
11-May-2025 06:05:00,NaN,NaN,NaN
11-May-2025 06:06:00,NaN,NaN,NaN
11-May-2025 06:07:00,NaN,NaN,NaN
11-May-2025 06:08:00,NaN,NaN,NaN
11-May-2025 06:09:00,NaN,NaN,NaN
11-May-2025 06:10:00,NaN,NaN,NaN
11-May-2025 06:11:00,NaN,NaN,NaN
11-May-2025 06:12:00,NaN,NaN,NaN
11-May-2025 06:13:00,NaN,NaN,NaN
11-May-2025 06:14:00,NaN,NaN,NaN
11-May-2025 06:15:00,NaN,NaN,NaN
11-May-2025 06:16:00,NaN,NaN,NaN
11-May-2025 06:17:00,NaN,NaN,NaN
11-May-2025 06:18:00,NaN,NaN,NaN
11-May-2025 06:19:00,NaN,NaN,NaN
11-May-2025 06:20:00,NaN,NaN,NaN
11-May-2025 06:21:00,NaN,NaN,NaN
11-May-2025 06:22:00,NaN,NaN,NaN
11-May-2025 06:23:00,NaN,NaN,NaN
11-May-2025 06:24:00,NaN,NaN,NaN
11-May-2025 06:25:00,NaN,NaN,NaN
11-May-2025 06:26:00,NaN,NaN,NaN
11-May-2025 06:27:00,NaN,NaN,NaN
11-May-2025 06:28:00,NaN,NaN,NaN
11-May-2025 06:29:00,NaN,NaN,NaN
11-May-2025 06:30:00,NaN,NaN,NaN
11-May-2025 06:31:00,NaN,NaN,NaN
11-May-2025 06:32:00,NaN,NaN,NaN
11-May-2025 06:33:00,NaN,NaN,NaN
11-May-2025 06:34:00,NaN,NaN,NaN
11-May-2025 06:35:00,NaN,NaN,NaN
11-May-2025 06:36:00,NaN,NaN,NaN
11-May-2025 06:37:00,NaN,NaN,NaN
11-May-2025 06:38:00,NaN,NaN,NaN
11-May-2025 06:39:00,NaN,NaN,NaN
11-May-2025 06:40:00,NaN,NaN,NaN
11-May-2025 06:41:00,NaN,NaN,NaN
11-May-2025 06:42:00,NaN,NaN,NaN
11-May-2025 06:43:00,NaN,NaN,NaN
11-May-2025 06:44:00,NaN,NaN,NaN
11-May-2025 06:45:00,NaN,NaN,NaN
11-May-2025 06:46:00,NaN,NaN,NaN
11-May-2025 06:47:00,NaN,NaN,NaN
11-May-2025 06:48:00,NaN,NaN,NaN
11-May-2025 06:49:00,NaN,NaN,NaN
11-May-2025 06:50:00,NaN,NaN,NaN
11-May-2025 06:51:00,NaN,NaN,NaN
11-May-2025 06:52:00,NaN,NaN,NaN
11-May-2025 06:53:00,NaN,NaN,NaN
11-May-2025 06:54:00,NaN,NaN,NaN
11-May-2025 06:55:00,NaN,NaN,NaN
11-May-2025 06:56:00,NaN,NaN,NaN
11-May-2025 06:57:00,NaN,NaN,NaN
11-May-2025 06:58:00,NaN,NaN,NaN
11-May-2025 06:59:00,NaN,NaN,NaN
11-May-2025 07:00:00,NaN,NaN,NaN
11-May-2025 07:01:00,NaN,NaN,NaN
11-May-2025 07:02:00,NaN,NaN,NaN
11-May-2025 07:03:00,NaN,NaN,NaN
11-May-2025 07:04:00,NaN,NaN,NaN
11-May-2025 07:05:00,NaN,NaN,NaN
11-May-2025 07:06:00,NaN,NaN,NaN
11-May-2025 07:07:00,NaN,NaN,NaN
11-May-2025 07:08:00,NaN,NaN,NaN
11-May-2025 07:09:00,NaN,NaN,NaN
11-May-2025 07:10:00,NaN,NaN,NaN
11-May-2025 07:11:00,NaN,NaN,NaN
11-May-2025 07:12:00,NaN,NaN,NaN
11-May-2025 07:13:00,NaN,NaN,NaN
11-May-2025 07:14:00,NaN,NaN,NaN
11-May-2025 07:15:00,NaN,NaN,NaN
11-May-2025 07:16:00,NaN,NaN,NaN
11-May-2025 07:17:00,NaN,NaN,NaN
11-May-2025 07:18:00,NaN,NaN,NaN
11-May-2025 07:19:00,NaN,NaN,NaN
11-May-2025 07:20:00,NaN,NaN,NaN
11-May-2025 07:21:00,NaN,NaN,NaN
11-May-2025 07:22:00,NaN,NaN,NaN
11-May-2025 07:23:00,NaN,NaN,NaN
11-May-2025 07:24:00,NaN,NaN,NaN
11-May-2025 07:25:00,NaN,NaN,NaN
11-May-2025 07:26:00,NaN,NaN,NaN
11-May-2025 07:27:00,NaN,NaN,NaN
11-May-2025 07:28:00,NaN,NaN,NaN
11-May-2025 07:29:00,NaN,NaN,NaN
11-May-2025 07:30:00,NaN,NaN,NaN
11-May-2025 07:31:00,NaN,NaN,NaN
11-May-2025 07:32:00,NaN,NaN,NaN
11-May-2025 07:33:00,NaN,NaN,NaN
11-May-2025 07:34:00,NaN,NaN,NaN
11-May-2025 07:35:00,NaN,NaN,NaN
11-May-2025 07:36:00,NaN,NaN,NaN
11-May-2025 07:37:00,NaN,NaN,NaN
11-May-2025 07:38:00,NaN,NaN,NaN
11-May-2025 07:39:00,NaN,NaN,NaN
11-May-2025 07:40:00,NaN,NaN,NaN
11-May-2025 07:41:00,NaN,NaN,NaN
11-May-2025 07:42:00,NaN,NaN,NaN
11-May-2025 07:43:00,NaN,NaN,NaN
11-May-2025 07:44:00,NaN,NaN,NaN
11-May-2025 07:45:00,NaN,NaN,NaN
11-May-2025 07:46:00,NaN,NaN,NaN
11-May-2025 07:47:00,NaN,NaN,NaN
11-May-2025 07:48:00,NaN,NaN,NaN
11-May-2025 07:49:00,NaN,NaN,NaN
11-May-2025 07:50:00,NaN,NaN,NaN
11-May-2025 07:51:00,NaN,NaN,NaN
11-May-2025 07:52:00,NaN,NaN,NaN
11-May-2025 07:53:00,NaN,NaN,NaN
11-May-2025 07:54:00,NaN,NaN,NaN
11-May-2025 07:55:00,NaN,NaN,NaN
11-May-2025 07:56:00,NaN,NaN,NaN
11-May-2025 07:57:00,NaN,NaN,NaN
11-May-2025 07:58:00,NaN,NaN,NaN
11-May-2025 07:59:00,NaN,NaN,NaN
11-May-2025 08:00:00,NaN,NaN,NaN
11-May-2025 08:01:00,NaN,NaN,NaN
11-May-2025 08:02:00,NaN,NaN,NaN
11-May-2025 08:03:00,NaN,NaN,NaN
11-May-2025 08:04:00,NaN,NaN,NaN
11-May-2025 08:05:00,NaN,NaN,NaN
11-May-2025 08:06:00,NaN,NaN,NaN
11-May-2025 08:07:00,NaN,NaN,NaN
11-May-2025 08:08:00,NaN,NaN,NaN
11-May-2025 08:09:00,NaN,NaN,NaN
11-May-2025 08:10:00,NaN,NaN,NaN
11-May-2025 08:11:00,NaN,NaN,NaN
11-May-2025 08:12:00,NaN,NaN,NaN
11-May-2025 08:13:00,NaN,NaN,NaN
11-May-2025 08:14:00,NaN,NaN,NaN
11-May-2025 08:15:00,NaN,NaN,NaN
11-May-2025 08:16:00,NaN,NaN,NaN
11-May-2025 08:17:00,NaN,NaN,NaN
11-May-2025 08:18:00,NaN,NaN,NaN
11-May-2025 08:19:00,NaN,NaN,NaN
11-May-2025 08:20:00,NaN,NaN,NaN
11-May-2025 08:21:00,NaN,NaN,NaN
11-May-2025 08:22:00,NaN,NaN,NaN
11-May-2025 08:23:00,NaN,NaN,NaN
11-May-2025 08:24:00,NaN,NaN,NaN
11-May-2025 08:25:00,NaN,NaN,NaN
11-May-2025 08:26:00,NaN,NaN,NaN
11-May-2025 08:27:00,NaN,NaN,NaN
11-May-2025 08:28:00,NaN,NaN,NaN
11-May-2025 08:29:00,NaN,NaN,NaN
11-May-2025 08:30:00,NaN,NaN,NaN
11-May-2025 08:31:00,NaN,NaN,NaN
11-May-2025 08:32:00,NaN,NaN,NaN
11-May-2025 08:33:00,NaN,NaN,NaN
11-May-2025 08:34:00,NaN,NaN,NaN
11-May-2025 08:35:00,NaN,NaN,NaN
11-May-2025 08:36:00,NaN,NaN,NaN
11-May-2025 08:37:00,NaN,NaN,NaN
11-May-2025 08:38:00,NaN,NaN,NaN
11-May-2025 08:39:00,NaN,NaN,NaN
11-May-2025 08:40:00,NaN,NaN,NaN
11-May-2025 08:41:00,NaN,NaN,NaN
11-May-2025 08:42:00,NaN,NaN,NaN
11-May-2025 08:43:00,NaN,NaN,NaN
11-May-2025 08:44:00,NaN,NaN,NaN
11-May-2025 08:45:00,NaN,NaN,NaN
11-May-2025 08:46:00,NaN,NaN,NaN
11-May-2025 08:47:00,NaN,NaN,NaN
11-May-2025 08:48:00,NaN,NaN,NaN
11-May-2025 08:49:00,NaN,NaN,NaN
11-May-2025 08:50:00,NaN,NaN,NaN
11-May-2025 08:51:00,NaN,NaN,NaN
11-May-2025 08:52:00,NaN,NaN,NaN
11-May-2025 08:53:00,NaN,NaN,NaN
11-May-2025 08:54:00,NaN,NaN,NaN
11-May-2025 08:55:00,NaN,NaN,NaN
11-May-2025 08:56:00,NaN,NaN,NaN
11-May-2025 08:57:00,NaN,NaN,NaN
11-May-2025 08:58:00,NaN,NaN,NaN
11-May-2025 08:59:00,NaN,NaN,NaN
11-May-2025 09:00:00,NaN,NaN,NaN
11-May-2025 09:01:00,NaN,NaN,NaN
11-May-2025 09:02:00,NaN,NaN,NaN
11-May-2025 09:03:00,NaN,NaN,NaN
11-May-2025 09:04:00,NaN,NaN,NaN
11-May-2025 09:05:00,NaN,NaN,NaN
11-May-2025 09:06:00,NaN,NaN,NaN
11-May-2025 09:07:00,NaN,NaN,NaN
11-May-2025 09:08:00,NaN,NaN,NaN
11-May-2025 09:09:00,NaN,NaN,NaN
11-May-2025 09:10:00,NaN,NaN,NaN
11-May-2025 09:11:00,NaN,NaN,NaN
11-May-2025 09:12:00,NaN,NaN,NaN
11-May-2025 09:13:00,NaN,NaN,NaN
11-May-2025 09:14:00,NaN,NaN,NaN
11-May-2025 09:15:00,NaN,NaN,NaN
11-May-2025 09:16:00,NaN,NaN,NaN
11-May-2025 09:17:00,NaN,NaN,NaN
11-May-2025 09:18:00,NaN,NaN,NaN
11-May-2025 09:19:00,NaN,NaN,NaN
11-May-2025 09:20:00,NaN,NaN,NaN
11-May-2025 09:21:00,NaN,NaN,NaN
11-May-2025 09:22:00,NaN,NaN,NaN
11-May-2025 09:23:00,NaN,NaN,NaN
11-May-2025 09:24:00,NaN,NaN,NaN
11-May-2025 09:25:00,NaN,NaN,NaN
11-May-2025 09:26:00,NaN,NaN,NaN
11-May-2025 09:27:00,NaN,NaN,NaN
11-May-2025 09:28:00,NaN,NaN,NaN
11-May-2025 09:29:00,NaN,NaN,NaN
11-May-2025 09:30:00,NaN,NaN,NaN
11-May-2025 09:31:00,NaN,NaN,NaN
11-May-2025 09:32:00,NaN,NaN,NaN
11-May-2025 09:33:00,NaN,NaN,NaN
11-May-2025 09:34:00,NaN,NaN,NaN
11-May-2025 09:35:00,NaN,NaN,NaN
11-May-2025 09:36:00,NaN,NaN,NaN
11-May-2025 09:37:00,NaN,NaN,NaN
11-May-2025 09:38:00,NaN,NaN,NaN
11-May-2025 09:39:00,NaN,NaN,NaN
11-May-2025 09:40:00,NaN,NaN,NaN
11-May-2025 09:41:00,NaN,NaN,NaN
11-May-2025 09:42:00,NaN,NaN,NaN
11-May-2025 09:43:00,NaN,NaN,NaN
11-May-2025 09:44:00,NaN,NaN,NaN
11-May-2025 09:45:00,NaN,NaN,NaN
11-May-2025 09:46:00,NaN,NaN,NaN
11-May-2025 09:47:00,NaN,NaN,NaN
11-May-2025 09:48:00,NaN,NaN,NaN
11-May-2025 09:49:00,NaN,NaN,NaN
11-May-2025 09:50:00,NaN,NaN,NaN
11-May-2025 09:51:00,NaN,NaN,NaN
11-May-2025 09:52:00,NaN,NaN,NaN
11-May-2025 09:53:00,NaN,NaN,NaN
11-May-2025 09:54:00,NaN,NaN,NaN
11-May-2025 09:55:00,NaN,NaN,NaN
11-May-2025 09:56:00,NaN,NaN,NaN
11-May-2025 09:57:00,NaN,NaN,NaN
11-May-2025 09:58:00,NaN,NaN,NaN
11-May-2025 09:59:00,NaN,NaN,NaN
11-May-2025 10:00:00,NaN,NaN,NaN
11-May-2025 10:01:00,NaN,NaN,NaN
11-May-2025 10:02:00,NaN,NaN,NaN
11-May-2025 10:03:00,NaN,NaN,NaN
11-May-2025 10:04:00,NaN,NaN,NaN
11-May-2025 10:05:00,NaN,NaN,NaN
11-May-2025 10:06:00,NaN,NaN,NaN
11-May-2025 10:07:00,NaN,NaN,NaN
11-May-2025 10:08:00,NaN,NaN,NaN
11-May-2025 10:09:00,NaN,NaN,NaN
11-May-2025 10:10:00,NaN,NaN,NaN
11-May-2025 10:11:00,NaN,NaN,NaN
11-May-2025 10:12:00,NaN,NaN,NaN
11-May-2025 10:13:00,NaN,NaN,NaN
11-May-2025 10:14:00,NaN,NaN,NaN
11-May-2025 10:15:00,NaN,NaN,NaN
11-May-2025 10:16:00,NaN,NaN,NaN
11-May-2025 10:17:00,NaN,NaN,NaN
11-May-2025 10:18:00,NaN,NaN,NaN
11-May-2025 10:19:00,NaN,NaN,NaN
11-May-2025 10:20:00,NaN,NaN,NaN
11-May-2025 10:21:00,NaN,NaN,NaN
11-May-2025 10:22:00,NaN,NaN,NaN
11-May-2025 10:23:00,NaN,NaN,NaN
11-May-2025 10:24:00,NaN,NaN,NaN
11-May-2025 10:25:00,NaN,NaN,NaN
11-May-2025 10:26:00,NaN,NaN,NaN
11-May-2025 10:27:00,NaN,NaN,NaN
11-May-2025 10:28:00,NaN,NaN,NaN
11-May-2025 10:29:00,NaN,NaN,NaN
